[debug] [2026-08-25T10:45:23.650Z] ----------------------------------------------------------------------
[debug] [2026-08-25T10:45:23.653Z] Command:       C:\Program Files\nodejs\node.exe C:\Users\pfizo\AppData\Roaming\npm\node_modules\firebase-tools\lib\bin\firebase.js deploy --only functions
[debug] [2026-08-25T10:45:23.654Z] CLI Version:   15.28.1
[debug] [2026-08-25T10:45:23.654Z] Platform:      win32
[debug] [2026-08-25T10:45:23.654Z] Node Version:  v24.19.0
[debug] [2026-08-25T10:45:23.654Z] Detected Agent: unknown
[debug] [2026-08-25T10:45:23.654Z] Time:          Tue Aug 25 2026 12:45:23 GMT+0200 (stredoeurópsky letný čas)
[debug] [2026-08-25T10:45:23.654Z] ----------------------------------------------------------------------
[debug] 
[debug] [2026-08-25T10:45:25.188Z] > command requires scopes: ["email","openid","https://www.googleapis.com/auth/cloudplatformprojects.readonly","https://www.googleapis.com/auth/firebase","https://www.googleapis.com/auth/cloud-platform"]
[debug] [2026-08-25T10:45:25.189Z] > authorizing via signed-in user (pf.izolacie@gmail.com)
[debug] [2026-08-25T10:45:25.189Z] [iam] checking project aura-nails-kalendar for permissions ["cloudfunctions.functions.create","cloudfunctions.functions.delete","cloudfunctions.functions.get","cloudfunctions.functions.list","cloudfunctions.functions.update","cloudfunctions.operations.get","firebase.projects.get"]
[debug] [2026-08-25T10:45:25.203Z] Checked if tokens are valid: true, expires at: 1787657557902
[debug] [2026-08-25T10:45:25.203Z] Checked if tokens are valid: true, expires at: 1787657557902
[debug] [2026-08-25T10:45:25.204Z] >>> [apiv2][query] POST https://cloudresourcemanager.googleapis.com/v1/projects/aura-nails-kalendar:testIamPermissions [none]
[debug] [2026-08-25T10:45:25.205Z] >>> [apiv2][(partial)header] POST https://cloudresourcemanager.googleapis.com/v1/projects/aura-nails-kalendar:testIamPermissions  x-goog-user-project=aura-nails-kalendar
[debug] [2026-08-25T10:45:25.205Z] >>> [apiv2][body] POST https://cloudresourcemanager.googleapis.com/v1/projects/aura-nails-kalendar:testIamPermissions {"permissions":["cloudfunctions.functions.create","cloudfunctions.functions.delete","cloudfunctions.functions.get","cloudfunctions.functions.list","cloudfunctions.functions.update","cloudfunctions.operations.get","firebase.projects.get"]}
[debug] [2026-08-25T10:45:25.901Z] <<< [apiv2][status] POST https://cloudresourcemanager.googleapis.com/v1/projects/aura-nails-kalendar:testIamPermissions 200
[debug] [2026-08-25T10:45:25.902Z] <<< [apiv2][body] POST https://cloudresourcemanager.googleapis.com/v1/projects/aura-nails-kalendar:testIamPermissions {"permissions":["cloudfunctions.functions.create","cloudfunctions.functions.delete","cloudfunctions.functions.get","cloudfunctions.functions.list","cloudfunctions.functions.update","cloudfunctions.operations.get","firebase.projects.get"]}
[debug] [2026-08-25T10:45:25.902Z] Checked if tokens are valid: true, expires at: 1787657557902
[debug] [2026-08-25T10:45:25.902Z] Checked if tokens are valid: true, expires at: 1787657557902
[debug] [2026-08-25T10:45:25.903Z] >>> [apiv2][query] POST https://iam.googleapis.com/v1/projects/aura-nails-kalendar/serviceAccounts/aura-nails-kalendar@appspot.gserviceaccount.com:testIamPermissions [none]
[debug] [2026-08-25T10:45:25.903Z] >>> [apiv2][body] POST https://iam.googleapis.com/v1/projects/aura-nails-kalendar/serviceAccounts/aura-nails-kalendar@appspot.gserviceaccount.com:testIamPermissions {"permissions":["iam.serviceAccounts.actAs"]}
[debug] [2026-08-25T10:45:27.118Z] <<< [apiv2][status] POST https://iam.googleapis.com/v1/projects/aura-nails-kalendar/serviceAccounts/aura-nails-kalendar@appspot.gserviceaccount.com:testIamPermissions 200
[debug] [2026-08-25T10:45:27.118Z] <<< [apiv2][body] POST https://iam.googleapis.com/v1/projects/aura-nails-kalendar/serviceAccounts/aura-nails-kalendar@appspot.gserviceaccount.com:testIamPermissions {"permissions":["iam.serviceAccounts.actAs"]}
[info] 
[info] === Deploying to 'aura-nails-kalendar'...
[info] 
[info] i  deploying functions 
[debug] [2026-08-25T10:45:27.130Z] Checked if tokens are valid: true, expires at: 1787657557902
[debug] [2026-08-25T10:45:27.130Z] Checked if tokens are valid: true, expires at: 1787657557902
[debug] [2026-08-25T10:45:27.130Z] >>> [apiv2][query] GET https://cloudresourcemanager.googleapis.com/v1/projects/aura-nails-kalendar [none]
[debug] [2026-08-25T10:45:27.420Z] <<< [apiv2][status] GET https://cloudresourcemanager.googleapis.com/v1/projects/aura-nails-kalendar 200
[debug] [2026-08-25T10:45:27.420Z] <<< [apiv2][body] GET https://cloudresourcemanager.googleapis.com/v1/projects/aura-nails-kalendar {"projectNumber":"45357190349","projectId":"aura-nails-kalendar","lifecycleState":"ACTIVE","name":"Aura nails Kalendar ","labels":{"firebase":"enabled","firebase-core":"disabled"},"createTime":"2026-08-07T17:10:05.628Z"}
[info] i  functions: preparing codebase default for deployment 
[info] i  functions: ensuring required API cloudfunctions.googleapis.com is enabled... 
[info] i  functions: ensuring required API cloudbuild.googleapis.com is enabled... 
[info] i  artifactregistry: ensuring required API artifactregistry.googleapis.com is enabled... 
[debug] [2026-08-25T10:45:27.428Z] Checked if tokens are valid: true, expires at: 1787657557902
[debug] [2026-08-25T10:45:27.429Z] Checked if tokens are valid: true, expires at: 1787657557902
[debug] [2026-08-25T10:45:27.429Z] >>> [apiv2][query] GET https://firebase.googleapis.com/v1beta1/projects/aura-nails-kalendar/adminSdkConfig [none]
[debug] [2026-08-25T10:45:28.550Z] <<< [apiv2][status] GET https://firebase.googleapis.com/v1beta1/projects/aura-nails-kalendar/adminSdkConfig 200
[debug] [2026-08-25T10:45:28.551Z] <<< [apiv2][body] GET https://firebase.googleapis.com/v1beta1/projects/aura-nails-kalendar/adminSdkConfig {"projectId":"aura-nails-kalendar","databaseURL":"https://aura-nails-kalendar-default-rtdb.europe-west1.firebasedatabase.app","storageBucket":"aura-nails-kalendar.firebasestorage.app"}
[debug] [2026-08-25T10:45:28.552Z] Checked if tokens are valid: true, expires at: 1787657557902
[debug] [2026-08-25T10:45:28.552Z] Checked if tokens are valid: true, expires at: 1787657557902
[debug] [2026-08-25T10:45:28.552Z] >>> [apiv2][query] GET https://runtimeconfig.googleapis.com/v1beta1/projects/aura-nails-kalendar/configs [none]
[debug] [2026-08-25T10:45:29.365Z] <<< [apiv2][status] GET https://runtimeconfig.googleapis.com/v1beta1/projects/aura-nails-kalendar/configs 200
[debug] [2026-08-25T10:45:29.365Z] <<< [apiv2][body] GET https://runtimeconfig.googleapis.com/v1beta1/projects/aura-nails-kalendar/configs {"configs":[{"name":"projects/aura-nails-kalendar/configs/gmail"},{"name":"projects/aura-nails-kalendar/configs/manual"}]}
[debug] [2026-08-25T10:45:29.366Z] Checked if tokens are valid: true, expires at: 1787657557902
[debug] [2026-08-25T10:45:29.366Z] Checked if tokens are valid: true, expires at: 1787657557902
[debug] [2026-08-25T10:45:29.366Z] Checked if tokens are valid: true, expires at: 1787657557902
[debug] [2026-08-25T10:45:29.366Z] Checked if tokens are valid: true, expires at: 1787657557902
[debug] [2026-08-25T10:45:29.367Z] >>> [apiv2][query] GET https://runtimeconfig.googleapis.com/v1beta1/projects/aura-nails-kalendar/configs/gmail/variables [none]
[debug] [2026-08-25T10:45:29.367Z] >>> [apiv2][query] GET https://runtimeconfig.googleapis.com/v1beta1/projects/aura-nails-kalendar/configs/manual/variables [none]
[debug] [2026-08-25T10:45:29.981Z] <<< [apiv2][status] GET https://runtimeconfig.googleapis.com/v1beta1/projects/aura-nails-kalendar/configs/manual/variables 200
[debug] [2026-08-25T10:45:29.981Z] <<< [apiv2][body] GET https://runtimeconfig.googleapis.com/v1beta1/projects/aura-nails-kalendar/configs/manual/variables {"variables":[{"name":"projects/aura-nails-kalendar/configs/manual/variables/trigger/key","updateTime":"2026-08-25T07:08:46.590592785Z"}]}
[debug] [2026-08-25T10:45:29.982Z] Checked if tokens are valid: true, expires at: 1787657557902
[debug] [2026-08-25T10:45:29.982Z] Checked if tokens are valid: true, expires at: 1787657557902
[debug] [2026-08-25T10:45:29.982Z] >>> [apiv2][query] GET https://runtimeconfig.googleapis.com/v1beta1/projects/aura-nails-kalendar/configs/manual/variables/trigger/key [none]
[debug] [2026-08-25T10:45:30.288Z] <<< [apiv2][status] GET https://runtimeconfig.googleapis.com/v1beta1/projects/aura-nails-kalendar/configs/manual/variables/trigger/key 200
[debug] [2026-08-25T10:45:30.288Z] <<< [apiv2][body] GET https://runtimeconfig.googleapis.com/v1beta1/projects/aura-nails-kalendar/configs/manual/variables/trigger/key {"name":"projects/aura-nails-kalendar/configs/manual/variables/trigger/key","updateTime":"2026-08-25T07:08:46.590592785Z","text":"secret-key-12345"}
[debug] [2026-08-25T10:45:30.289Z] <<< [apiv2][status] GET https://runtimeconfig.googleapis.com/v1beta1/projects/aura-nails-kalendar/configs/gmail/variables 200
[debug] [2026-08-25T10:45:30.290Z] <<< [apiv2][body] GET https://runtimeconfig.googleapis.com/v1beta1/projects/aura-nails-kalendar/configs/gmail/variables {"variables":[{"name":"projects/aura-nails-kalendar/configs/gmail/variables/password","updateTime":"2026-08-25T09:06:50.865831602Z"},{"name":"projects/aura-nails-kalendar/configs/gmail/variables/user","updateTime":"2026-08-25T07:08:21.285135222Z"}]}
[debug] [2026-08-25T10:45:30.290Z] Checked if tokens are valid: true, expires at: 1787657557902
[debug] [2026-08-25T10:45:30.290Z] Checked if tokens are valid: true, expires at: 1787657557902
[debug] [2026-08-25T10:45:30.290Z] Checked if tokens are valid: true, expires at: 1787657557902
[debug] [2026-08-25T10:45:30.290Z] Checked if tokens are valid: true, expires at: 1787657557902
[debug] [2026-08-25T10:45:30.290Z] >>> [apiv2][query] GET https://runtimeconfig.googleapis.com/v1beta1/projects/aura-nails-kalendar/configs/gmail/variables/password [none]
[debug] [2026-08-25T10:45:30.292Z] >>> [apiv2][query] GET https://runtimeconfig.googleapis.com/v1beta1/projects/aura-nails-kalendar/configs/gmail/variables/user [none]
[debug] [2026-08-25T10:45:30.598Z] <<< [apiv2][status] GET https://runtimeconfig.googleapis.com/v1beta1/projects/aura-nails-kalendar/configs/gmail/variables/user 200
[debug] [2026-08-25T10:45:30.599Z] <<< [apiv2][body] GET https://runtimeconfig.googleapis.com/v1beta1/projects/aura-nails-kalendar/configs/gmail/variables/user {"name":"projects/aura-nails-kalendar/configs/gmail/variables/user","updateTime":"2026-08-25T07:08:21.285135222Z","text":"auranailsmf@gmail.com"}
[debug] [2026-08-25T10:45:30.601Z] <<< [apiv2][status] GET https://runtimeconfig.googleapis.com/v1beta1/projects/aura-nails-kalendar/configs/gmail/variables/password 200
[debug] [2026-08-25T10:45:30.601Z] <<< [apiv2][body] GET https://runtimeconfig.googleapis.com/v1beta1/projects/aura-nails-kalendar/configs/gmail/variables/password {"name":"projects/aura-nails-kalendar/configs/gmail/variables/password","updateTime":"2026-08-25T09:06:50.865831602Z","text":"gwxc xldx ilgp myle"}
[debug] [2026-08-25T10:45:30.604Z] Validating nodejs source
[warn] !  functions: Runtime Node.js 20 was deprecated on 2026-04-30 and will be decommissioned on 2026-10-30, after which you will not be able to deploy without upgrading. Consider upgrading now to avoid disruption. See https://cloud.google.com/functions/docs/runtime-support for full details on the lifecycle policy 
[warn] !  functions: package.json indicates an outdated version of firebase-functions. Please upgrade using npm install --save firebase-functions@latest in your functions directory. 
[warn] !  functions: Please note that there will be breaking changes when you upgrade. 
[debug] [2026-08-25T10:45:32.467Z] > [functions] package.json contents: {
  "name": "functions",
  "version": "1.0.0",
  "description": "",
  "main": "index.js",
  "scripts": {
    "test": "echo \"Error: no test specified\" && exit 1"
  },
  "keywords": [],
  "author": "",
  "license": "ISC",
  "type": "commonjs",
  "engines": {
    "node": "18"
  },
  "dependencies": {
    "firebase-admin": "^11.0.0",
    "firebase-functions": "^3.24.0",
    "nodemailer": "^9.0.5"
  }
}
[debug] [2026-08-25T10:45:32.467Z] Building nodejs source
[info] i  functions: Loading and analyzing source code for codebase default to determine what to deploy 
[info] i  functions: You are using a version of firebase-functions SDK (3.24.1) that does not have support for the newest Firebase Extensions features. Please update firebase-functions SDK to >=5.1.0 to use them correctly 
[debug] [2026-08-25T10:45:32.472Z] Could not find functions.yaml. Must use http discovery
[debug] [2026-08-25T10:45:32.488Z] Found firebase-functions binary at 'C:\Users\pfizo\Desktop\functions\node_modules\.bin\firebase-functions'
[info] Serving at port 8821

[debug] [2026-08-25T10:45:33.018Z] Got response from /__/functions.yaml {"endpoints":{"sendEmailReminder":{"platform":"gcfv1","region":["europe-west1"],"scheduleTrigger":{"schedule":"0 8 * * *","timeZone":"Europe/Bratislava"},"labels":{},"entryPoint":"sendEmailReminder"},"sendEmailReminderManual":{"platform":"gcfv1","region":["europe-west1"],"httpsTrigger":{},"entryPoint":"sendEmailReminderManual"}},"specVersion":"v1alpha1","requiredAPIs":[{"api":"cloudscheduler.googleapis.com","reason":"Needed for scheduled functions."}]}
[info] shutdown requested via /__/quitquitquit

[debug] [2026-08-25T10:45:36.087Z] Checked if tokens are valid: true, expires at: 1787657557902
[debug] [2026-08-25T10:45:36.087Z] Checked if tokens are valid: true, expires at: 1787657557902
[debug] [2026-08-25T10:45:36.088Z] >>> [apiv2][query] GET https://cloudfunctions.googleapis.com/v1/projects/aura-nails-kalendar/locations/-/functions [none]
[debug] [2026-08-25T10:45:36.934Z] <<< [apiv2][status] GET https://cloudfunctions.googleapis.com/v1/projects/aura-nails-kalendar/locations/-/functions 200
[debug] [2026-08-25T10:45:36.935Z] <<< [apiv2][body] GET https://cloudfunctions.googleapis.com/v1/projects/aura-nails-kalendar/locations/-/functions {"functions":[{"name":"projects/aura-nails-kalendar/locations/us-central1/functions/onNewAppointment","eventTrigger":{"eventType":"providers/cloud.firestore/eventTypes/document.create","resource":"projects/aura-nails-kalendar/databases/(default)/documents/appointments/{docId}","service":"firestore.googleapis.com","failurePolicy":{}},"status":"ACTIVE","entryPoint":"onNewAppointment","timeout":"60s","availableMemoryMb":256,"serviceAccountEmail":"aura-nails-kalendar@appspot.gserviceaccount.com","updateTime":"2026-08-25T10:35:40.415Z","versionId":"2","labels":{"deployment-tool":"cli-firebase","firebase-functions-hash":"ace54a99ded2b559935f6d831c994cd48bd99e31"},"sourceUploadUrl":"https://storage.googleapis.com/uploads-908515400439.us-central1.cloudfunctions.appspot.com/2e459e9b-d033-48a1-b7c6-5187d048698d.zip","environmentVariables":{"FIREBASE_CONFIG":"{\"projectId\":\"aura-nails-kalendar\",\"databaseURL\":\"https://aura-nails-kalendar-default-rtdb.europe-west1.firebasedatabase.app\",\"storageBucket\":\"aura-nails-kalendar.firebasestorage.app\"}","GCLOUD_PROJECT":"aura-nails-kalendar","EVENTARC_CLOUD_EVENT_SOURCE":"projects/aura-nails-kalendar/locations/us-central1/functions/onNewAppointment"},"runtime":"nodejs20","maxInstances":3000,"ingressSettings":"ALLOW_ALL","buildId":"74c189ed-1bd9-4259-a23e-8d97f9689143","buildEnvironmentVariables":{"GOOGLE_NODE_RUN_SCRIPTS":""},"buildName":"projects/45357190349/locations/us-central1/builds/74c189ed-1bd9-4259-a23e-8d97f9689143","dockerRegistry":"ARTIFACT_REGISTRY","automaticUpdatePolicy":{},"buildServiceAccount":"projects/aura-nails-kalendar/serviceAccounts/45357190349-compute@developer.gserviceaccount.com","satisfiesPzi":true},{"name":"projects/aura-nails-kalendar/locations/us-central1/functions/onNewRequest","eventTrigger":{"eventType":"providers/cloud.firestore/eventTypes/document.create","resource":"projects/aura-nails-kalendar/databases/(default)/documents/requests/{docId}","service":"firestore.googleapis.com","failurePolicy":{}},"status":"ACTIVE","entryPoint":"onNewRequest","timeout":"60s","availableMemoryMb":256,"serviceAccountEmail":"aura-nails-kalendar@appspot.gserviceaccount.com","updateTime":"2026-08-25T10:35:42.429Z","versionId":"2","labels":{"firebase-functions-hash":"ace54a99ded2b559935f6d831c994cd48bd99e31","deployment-tool":"cli-firebase"},"sourceUploadUrl":"https://storage.googleapis.com/uploads-908515400439.us-central1.cloudfunctions.appspot.com/2e459e9b-d033-48a1-b7c6-5187d048698d.zip","environmentVariables":{"FIREBASE_CONFIG":"{\"projectId\":\"aura-nails-kalendar\",\"databaseURL\":\"https://aura-nails-kalendar-default-rtdb.europe-west1.firebasedatabase.app\",\"storageBucket\":\"aura-nails-kalendar.firebasestorage.app\"}","GCLOUD_PROJECT":"aura-nails-kalendar","EVENTARC_CLOUD_EVENT_SOURCE":"projects/aura-nails-kalendar/locations/us-central1/functions/onNewRequest"},"runtime":"nodejs20","maxInstances":3000,"ingressSettings":"ALLOW_ALL","buildId":"74c189ed-1bd9-4259-a23e-8d97f9689143","buildEnvironmentVariables":{"GOOGLE_NODE_RUN_SCRIPTS":""},"buildName":"projects/45357190349/locations/us-central1/builds/74c189ed-1bd9-4259-a23e-8d97f9689143","dockerRegistry":"ARTIFACT_REGISTRY","automaticUpdatePolicy":{},"buildServiceAccount":"projects/aura-nails-kalendar/serviceAccounts/45357190349-compute@developer.gserviceaccount.com","satisfiesPzi":true}]}
[debug] [2026-08-25T10:45:36.936Z] Checked if tokens are valid: true, expires at: 1787657557902
[debug] [2026-08-25T10:45:36.936Z] Checked if tokens are valid: true, expires at: 1787657557902
[debug] [2026-08-25T10:45:36.937Z] >>> [apiv2][query] GET https://cloudfunctions.googleapis.com/v2/projects/aura-nails-kalendar/locations/-/functions filter=environment%3D%22GEN_2%22
[debug] [2026-08-25T10:45:38.263Z] <<< [apiv2][status] GET https://cloudfunctions.googleapis.com/v2/projects/aura-nails-kalendar/locations/-/functions 200
[debug] [2026-08-25T10:45:38.263Z] <<< [apiv2][body] GET https://cloudfunctions.googleapis.com/v2/projects/aura-nails-kalendar/locations/-/functions {}
[debug] [2026-08-25T10:45:38.265Z] Attempting to merge .env secret bindings {} into declared secrets...)}
[debug] [2026-08-25T10:45:38.265Z] sendEmailReminder declared secrets: undefined
[debug] [2026-08-25T10:45:38.265Z] sendEmailReminderManual declared secrets: undefined
[info] i  functions: preparing functions directory for uploading... 
[info] i  functions: packaged C:\Users\pfizo\Desktop\functions (40.93 KB) for uploading 
[info] i  functions: ensuring required API cloudscheduler.googleapis.com is enabled... 
[debug] [2026-08-25T10:45:38.334Z] Checked if tokens are valid: true, expires at: 1787657557902
[debug] [2026-08-25T10:45:38.334Z] Checked if tokens are valid: true, expires at: 1787657557902
[debug] [2026-08-25T10:45:38.334Z] >>> [apiv2][query] GET https://cloudresourcemanager.googleapis.com/v1/projects/aura-nails-kalendar [none]
[debug] [2026-08-25T10:45:39.538Z] <<< [apiv2][status] GET https://cloudresourcemanager.googleapis.com/v1/projects/aura-nails-kalendar 200
[debug] [2026-08-25T10:45:39.538Z] <<< [apiv2][body] GET https://cloudresourcemanager.googleapis.com/v1/projects/aura-nails-kalendar {"projectNumber":"45357190349","projectId":"aura-nails-kalendar","lifecycleState":"ACTIVE","name":"Aura nails Kalendar ","labels":{"firebase":"enabled","firebase-core":"disabled"},"createTime":"2026-08-07T17:10:05.628Z"}
[debug] [2026-08-25T10:45:39.540Z] [functions] found 1 new HTTP functions, testing setIamPolicy permission...
[debug] [2026-08-25T10:45:39.543Z] Checked if tokens are valid: true, expires at: 1787657557902
[debug] [2026-08-25T10:45:39.543Z] Checked if tokens are valid: true, expires at: 1787657557902
[debug] [2026-08-25T10:45:39.543Z] >>> [apiv2][query] POST https://cloudresourcemanager.googleapis.com/v1/projects/aura-nails-kalendar:testIamPermissions [none]
[debug] [2026-08-25T10:45:39.544Z] >>> [apiv2][(partial)header] POST https://cloudresourcemanager.googleapis.com/v1/projects/aura-nails-kalendar:testIamPermissions  x-goog-user-project=aura-nails-kalendar
[debug] [2026-08-25T10:45:39.544Z] >>> [apiv2][body] POST https://cloudresourcemanager.googleapis.com/v1/projects/aura-nails-kalendar:testIamPermissions {"permissions":["cloudfunctions.functions.setIamPolicy"]}
[debug] [2026-08-25T10:45:39.795Z] <<< [apiv2][status] POST https://cloudresourcemanager.googleapis.com/v1/projects/aura-nails-kalendar:testIamPermissions 200
[debug] [2026-08-25T10:45:39.795Z] <<< [apiv2][body] POST https://cloudresourcemanager.googleapis.com/v1/projects/aura-nails-kalendar:testIamPermissions {"permissions":["cloudfunctions.functions.setIamPolicy"]}
[debug] [2026-08-25T10:45:39.795Z] [functions] found setIamPolicy permission, proceeding with deploy
[debug] [2026-08-25T10:45:39.796Z] Checked if tokens are valid: true, expires at: 1787657557902
[debug] [2026-08-25T10:45:39.797Z] Checked if tokens are valid: true, expires at: 1787657557902
[debug] [2026-08-25T10:45:39.797Z] >>> [apiv2][query] POST https://cloudfunctions.googleapis.com/v1/projects/aura-nails-kalendar/locations/europe-west1/functions:generateUploadUrl [none]
[debug] [2026-08-25T10:45:39.797Z] >>> [apiv2][body] POST https://cloudfunctions.googleapis.com/v1/projects/aura-nails-kalendar/locations/europe-west1/functions:generateUploadUrl {}
[debug] [2026-08-25T10:45:41.346Z] <<< [apiv2][status] POST https://cloudfunctions.googleapis.com/v1/projects/aura-nails-kalendar/locations/europe-west1/functions:generateUploadUrl 200
[debug] [2026-08-25T10:45:41.346Z] <<< [apiv2][body] POST https://cloudfunctions.googleapis.com/v1/projects/aura-nails-kalendar/locations/europe-west1/functions:generateUploadUrl {"uploadUrl":"https://storage.googleapis.com/uploads-426274606061.europe-west1.cloudfunctions.appspot.com/0d88ce68-9632-4523-b29e-dfd9ff18d6d8.zip?GoogleAccessId=service-45357190349@gcf-admin-robot.iam.gserviceaccount.com&Expires=1787656540&Signature=x2YgtE6ghKmlS6LHA5gA%2BXAUVjZCKM8RQrorxa5ZMJzGevk%2BePGWQr4%2FWoS25HQ3qo3xafnqFa8boOr%2BhjNgwCvWYVHgvGB6ug%2BFAqyzS4YiOaHCSs0z16Axf%2B8VAGsmIuzTi4Zk%2FhmLj1WdGx%2B%2BeIA6So3N%2BwX75vK735cAryWkmu28ygt%2BTEDDicZMqoiP5fRAkO6BzUTcigrZyaEW4tY8IZ6YfGWlkyuGLIGoqQLd9YrPTDFSd2aVRqU2KXTVfOfA6nuHDMHjBNm3AwmTTmeMMBKVu0swBWWEqYdA3%2FXEai5cVLX4Ea8kGs9J%2FE7YI4M%2F6IebuPVZ9NzC6kNDww%3D%3D"}
[debug] [2026-08-25T10:45:41.347Z] >>> [apiv2][query] PUT https://storage.googleapis.com/uploads-426274606061.europe-west1.cloudfunctions.appspot.com/0d88ce68-9632-4523-b29e-dfd9ff18d6d8.zip GoogleAccessId=service-45357190349%40gcf-admin-robot.iam.gserviceaccount.com&Expires=1787656540&Signature=x2YgtE6ghKmlS6LHA5gA%2BXAUVjZCKM8RQrorxa5ZMJzGevk%2BePGWQr4%2FWoS25HQ3qo3xafnqFa8boOr%2BhjNgwCvWYVHgvGB6ug%2BFAqyzS4YiOaHCSs0z16Axf%2B8VAGsmIuzTi4Zk%2FhmLj1WdGx%2B%2BeIA6So3N%2BwX75vK735cAryWkmu28ygt%2BTEDDicZMqoiP5fRAkO6BzUTcigrZyaEW4tY8IZ6YfGWlkyuGLIGoqQLd9YrPTDFSd2aVRqU2KXTVfOfA6nuHDMHjBNm3AwmTTmeMMBKVu0swBWWEqYdA3%2FXEai5cVLX4Ea8kGs9J%2FE7YI4M%2F6IebuPVZ9NzC6kNDww%3D%3D
[debug] [2026-08-25T10:45:41.347Z] >>> [apiv2][body] PUT https://storage.googleapis.com/uploads-426274606061.europe-west1.cloudfunctions.appspot.com/0d88ce68-9632-4523-b29e-dfd9ff18d6d8.zip [stream]
[debug] [2026-08-25T10:45:42.081Z] <<< [apiv2][status] PUT https://storage.googleapis.com/uploads-426274606061.europe-west1.cloudfunctions.appspot.com/0d88ce68-9632-4523-b29e-dfd9ff18d6d8.zip 200
[debug] [2026-08-25T10:45:42.081Z] <<< [apiv2][body] PUT https://storage.googleapis.com/uploads-426274606061.europe-west1.cloudfunctions.appspot.com/0d88ce68-9632-4523-b29e-dfd9ff18d6d8.zip [omitted]
[info] +  functions: functions source uploaded successfully 
[info] 
The following functions are found in your project but do not exist in your local source code:
	onNewAppointment(us-central1)
	onNewRequest(us-central1)

If you are renaming a function or changing its region, it is recommended that you create the new function first before deleting the old one to prevent event loss. For more info, visit https://firebase.google.com/docs/functions/manage-functions#modify

[info] i  functions: creating Node.js 20 (1st Gen) function sendEmailReminder(europe-west1)... 
[info] i  functions: creating Node.js 20 (1st Gen) function sendEmailReminderManual(europe-west1)... 
[debug] [2026-08-25T10:45:53.141Z] Checked if tokens are valid: true, expires at: 1787657557902
[debug] [2026-08-25T10:45:53.141Z] Checked if tokens are valid: true, expires at: 1787657557902
[debug] [2026-08-25T10:45:53.142Z] >>> [apiv2][query] POST https://cloudfunctions.googleapis.com/v1/projects/aura-nails-kalendar/locations/europe-west1/functions [none]
[debug] [2026-08-25T10:45:53.142Z] >>> [apiv2][body] POST https://cloudfunctions.googleapis.com/v1/projects/aura-nails-kalendar/locations/europe-west1/functions {"name":"projects/aura-nails-kalendar/locations/europe-west1/functions/sendEmailReminder","sourceUploadUrl":"https://storage.googleapis.com/uploads-426274606061.europe-west1.cloudfunctions.appspot.com/0d88ce68-9632-4523-b29e-dfd9ff18d6d8.zip?GoogleAccessId=service-45357190349@gcf-admin-robot.iam.gserviceaccount.com&Expires=1787656540&Signature=x2YgtE6ghKmlS6LHA5gA%2BXAUVjZCKM8RQrorxa5ZMJzGevk%2BePGWQr4%2FWoS25HQ3qo3xafnqFa8boOr%2BhjNgwCvWYVHgvGB6ug%2BFAqyzS4YiOaHCSs0z16Axf%2B8VAGsmIuzTi4Zk%2FhmLj1WdGx%2B%2BeIA6So3N%2BwX75vK735cAryWkmu28ygt%2BTEDDicZMqoiP5fRAkO6BzUTcigrZyaEW4tY8IZ6YfGWlkyuGLIGoqQLd9YrPTDFSd2aVRqU2KXTVfOfA6nuHDMHjBNm3AwmTTmeMMBKVu0swBWWEqYdA3%2FXEai5cVLX4Ea8kGs9J%2FE7YI4M%2F6IebuPVZ9NzC6kNDww%3D%3D","entryPoint":"sendEmailReminder","runtime":"nodejs20","dockerRegistry":"ARTIFACT_REGISTRY","labels":{"deployment-tool":"cli-firebase","deployment-scheduled":"true","firebase-functions-hash":"0c2d68fcd7bdfffde7c19304a670c670beb482d2"},"eventTrigger":{"eventType":"google.pubsub.topic.publish","resource":"projects/aura-nails-kalendar/topics/firebase-schedule-sendEmailReminder-europe-west1"},"environmentVariables":{"FIREBASE_CONFIG":"{\"projectId\":\"aura-nails-kalendar\",\"databaseURL\":\"https://aura-nails-kalendar-default-rtdb.europe-west1.firebasedatabase.app\",\"storageBucket\":\"aura-nails-kalendar.firebasestorage.app\"}","GCLOUD_PROJECT":"aura-nails-kalendar","EVENTARC_CLOUD_EVENT_SOURCE":"projects/aura-nails-kalendar/locations/europe-west1/functions/sendEmailReminder"},"buildEnvironmentVariables":{"GOOGLE_NODE_RUN_SCRIPTS":""}}
[debug] [2026-08-25T10:45:54.869Z] <<< [apiv2][status] POST https://cloudfunctions.googleapis.com/v1/projects/aura-nails-kalendar/locations/europe-west1/functions 200
[debug] [2026-08-25T10:45:54.869Z] <<< [apiv2][body] POST https://cloudfunctions.googleapis.com/v1/projects/aura-nails-kalendar/locations/europe-west1/functions {"name":"operations/cHJvamVjdHMvYXVyYS1uYWlscy1rYWxlbmRhci9sb2NhdGlvbnMvZXVyb3BlLXdlc3QxL29wZXJhdGlvbnMvb3BlcmF0aW9uLTE3ODc2NTQ3NTI4ODItNjU5ZGNjZTg2Y2VhYS02ZjFmOTcyYi1lYTBlZjdmNg","metadata":{"@type":"type.googleapis.com/google.cloud.functions.v1.OperationMetadataV1","target":"projects/aura-nails-kalendar/locations/europe-west1/functions/sendEmailReminder","updateTime":"2026-08-25T10:45:54.028757093Z"}}
[debug] [2026-08-25T10:45:54.871Z] Checked if tokens are valid: true, expires at: 1787657557902
[debug] [2026-08-25T10:45:54.871Z] Checked if tokens are valid: true, expires at: 1787657557902
[debug] [2026-08-25T10:45:54.872Z] >>> [apiv2][query] GET https://cloudfunctions.googleapis.com/v1/operations/cHJvamVjdHMvYXVyYS1uYWlscy1rYWxlbmRhci9sb2NhdGlvbnMvZXVyb3BlLXdlc3QxL29wZXJhdGlvbnMvb3BlcmF0aW9uLTE3ODc2NTQ3NTI4ODItNjU5ZGNjZTg2Y2VhYS02ZjFmOTcyYi1lYTBlZjdmNg [none]
[debug] [2026-08-25T10:45:55.128Z] <<< [apiv2][status] GET https://cloudfunctions.googleapis.com/v1/operations/cHJvamVjdHMvYXVyYS1uYWlscy1rYWxlbmRhci9sb2NhdGlvbnMvZXVyb3BlLXdlc3QxL29wZXJhdGlvbnMvb3BlcmF0aW9uLTE3ODc2NTQ3NTI4ODItNjU5ZGNjZTg2Y2VhYS02ZjFmOTcyYi1lYTBlZjdmNg 200
[debug] [2026-08-25T10:45:55.128Z] <<< [apiv2][body] GET https://cloudfunctions.googleapis.com/v1/operations/cHJvamVjdHMvYXVyYS1uYWlscy1rYWxlbmRhci9sb2NhdGlvbnMvZXVyb3BlLXdlc3QxL29wZXJhdGlvbnMvb3BlcmF0aW9uLTE3ODc2NTQ3NTI4ODItNjU5ZGNjZTg2Y2VhYS02ZjFmOTcyYi1lYTBlZjdmNg {"name":"operations/cHJvamVjdHMvYXVyYS1uYWlscy1rYWxlbmRhci9sb2NhdGlvbnMvZXVyb3BlLXdlc3QxL29wZXJhdGlvbnMvb3BlcmF0aW9uLTE3ODc2NTQ3NTI4ODItNjU5ZGNjZTg2Y2VhYS02ZjFmOTcyYi1lYTBlZjdmNg","metadata":{"@type":"type.googleapis.com/google.cloud.functions.v1.OperationMetadataV1","target":"projects/aura-nails-kalendar/locations/europe-west1/functions/sendEmailReminder","updateTime":"2026-08-25T10:45:54.028757093Z"}}
[debug] [2026-08-25T10:45:55.633Z] [create-default-europe-west1-sendEmailReminder] Retrying task index 0
[debug] [2026-08-25T10:45:55.634Z] Checked if tokens are valid: true, expires at: 1787657557902
[debug] [2026-08-25T10:45:55.634Z] Checked if tokens are valid: true, expires at: 1787657557902
[debug] [2026-08-25T10:45:55.634Z] >>> [apiv2][query] GET https://cloudfunctions.googleapis.com/v1/operations/cHJvamVjdHMvYXVyYS1uYWlscy1rYWxlbmRhci9sb2NhdGlvbnMvZXVyb3BlLXdlc3QxL29wZXJhdGlvbnMvb3BlcmF0aW9uLTE3ODc2NTQ3NTI4ODItNjU5ZGNjZTg2Y2VhYS02ZjFmOTcyYi1lYTBlZjdmNg [none]
[debug] [2026-08-25T10:45:55.885Z] <<< [apiv2][status] GET https://cloudfunctions.googleapis.com/v1/operations/cHJvamVjdHMvYXVyYS1uYWlscy1rYWxlbmRhci9sb2NhdGlvbnMvZXVyb3BlLXdlc3QxL29wZXJhdGlvbnMvb3BlcmF0aW9uLTE3ODc2NTQ3NTI4ODItNjU5ZGNjZTg2Y2VhYS02ZjFmOTcyYi1lYTBlZjdmNg 200
[debug] [2026-08-25T10:45:55.886Z] <<< [apiv2][body] GET https://cloudfunctions.googleapis.com/v1/operations/cHJvamVjdHMvYXVyYS1uYWlscy1rYWxlbmRhci9sb2NhdGlvbnMvZXVyb3BlLXdlc3QxL29wZXJhdGlvbnMvb3BlcmF0aW9uLTE3ODc2NTQ3NTI4ODItNjU5ZGNjZTg2Y2VhYS02ZjFmOTcyYi1lYTBlZjdmNg {"name":"operations/cHJvamVjdHMvYXVyYS1uYWlscy1rYWxlbmRhci9sb2NhdGlvbnMvZXVyb3BlLXdlc3QxL29wZXJhdGlvbnMvb3BlcmF0aW9uLTE3ODc2NTQ3NTI4ODItNjU5ZGNjZTg2Y2VhYS02ZjFmOTcyYi1lYTBlZjdmNg","metadata":{"@type":"type.googleapis.com/google.cloud.functions.v1.OperationMetadataV1","target":"projects/aura-nails-kalendar/locations/europe-west1/functions/sendEmailReminder","updateTime":"2026-08-25T10:45:54.028757093Z"}}
[debug] [2026-08-25T10:45:56.893Z] [create-default-europe-west1-sendEmailReminder] Retrying task index 0
[debug] [2026-08-25T10:45:56.895Z] Checked if tokens are valid: true, expires at: 1787657557902
[debug] [2026-08-25T10:45:56.896Z] Checked if tokens are valid: true, expires at: 1787657557902
[debug] [2026-08-25T10:45:56.897Z] >>> [apiv2][query] GET https://cloudfunctions.googleapis.com/v1/operations/cHJvamVjdHMvYXVyYS1uYWlscy1rYWxlbmRhci9sb2NhdGlvbnMvZXVyb3BlLXdlc3QxL29wZXJhdGlvbnMvb3BlcmF0aW9uLTE3ODc2NTQ3NTI4ODItNjU5ZGNjZTg2Y2VhYS02ZjFmOTcyYi1lYTBlZjdmNg [none]
[debug] [2026-08-25T10:45:57.319Z] <<< [apiv2][status] GET https://cloudfunctions.googleapis.com/v1/operations/cHJvamVjdHMvYXVyYS1uYWlscy1rYWxlbmRhci9sb2NhdGlvbnMvZXVyb3BlLXdlc3QxL29wZXJhdGlvbnMvb3BlcmF0aW9uLTE3ODc2NTQ3NTI4ODItNjU5ZGNjZTg2Y2VhYS02ZjFmOTcyYi1lYTBlZjdmNg 200
[debug] [2026-08-25T10:45:57.319Z] <<< [apiv2][body] GET https://cloudfunctions.googleapis.com/v1/operations/cHJvamVjdHMvYXVyYS1uYWlscy1rYWxlbmRhci9sb2NhdGlvbnMvZXVyb3BlLXdlc3QxL29wZXJhdGlvbnMvb3BlcmF0aW9uLTE3ODc2NTQ3NTI4ODItNjU5ZGNjZTg2Y2VhYS02ZjFmOTcyYi1lYTBlZjdmNg {"name":"operations/cHJvamVjdHMvYXVyYS1uYWlscy1rYWxlbmRhci9sb2NhdGlvbnMvZXVyb3BlLXdlc3QxL29wZXJhdGlvbnMvb3BlcmF0aW9uLTE3ODc2NTQ3NTI4ODItNjU5ZGNjZTg2Y2VhYS02ZjFmOTcyYi1lYTBlZjdmNg","metadata":{"@type":"type.googleapis.com/google.cloud.functions.v1.OperationMetadataV1","target":"projects/aura-nails-kalendar/locations/europe-west1/functions/sendEmailReminder","type":"CREATE_FUNCTION","request":{"@type":"type.googleapis.com/google.cloud.functions.v1.CloudFunction","name":"projects/aura-nails-kalendar/locations/europe-west1/functions/sendEmailReminder","eventTrigger":{"eventType":"google.pubsub.topic.publish","resource":"projects/aura-nails-kalendar/topics/firebase-schedule-sendEmailReminder-europe-west1","failurePolicy":{}},"entryPoint":"sendEmailReminder","updateTime":"1970-01-01T00:00:00Z","labels":{"deployment-tool":"cli-firebase","deployment-scheduled":"true","firebase-functions-hash":"0c2d68fcd7bdfffde7c19304a670c670beb482d2"},"sourceUploadUrl":"https://storage.googleapis.com/uploads-426274606061.europe-west1.cloudfunctions.appspot.com/0d88ce68-9632-4523-b29e-dfd9ff18d6d8.zip?GoogleAccessId=service-45357190349@gcf-admin-robot.iam.gserviceaccount.com&Expires=1787656540&Signature=x2YgtE6ghKmlS6LHA5gA%2BXAUVjZCKM8RQrorxa5ZMJzGevk%2BePGWQr4%2FWoS25HQ3qo3xafnqFa8boOr%2BhjNgwCvWYVHgvGB6ug%2BFAqyzS4YiOaHCSs0z16Axf%2B8VAGsmIuzTi4Zk%2FhmLj1WdGx%2B%2BeIA6So3N%2BwX75vK735cAryWkmu28ygt%2BTEDDicZMqoiP5fRAkO6BzUTcigrZyaEW4tY8IZ6YfGWlkyuGLIGoqQLd9YrPTDFSd2aVRqU2KXTVfOfA6nuHDMHjBNm3AwmTTmeMMBKVu0swBWWEqYdA3%2FXEai5cVLX4Ea8kGs9J%2FE7YI4M%2F6IebuPVZ9NzC6kNDww%3D%3D","environmentVariables":{"FIREBASE_CONFIG":"{\"projectId\":\"aura-nails-kalendar\",\"databaseURL\":\"https://aura-nails-kalendar-default-rtdb.europe-west1.firebasedatabase.app\",\"storageBucket\":\"aura-nails-kalendar.firebasestorage.app\"}","GCLOUD_PROJECT":"aura-nails-kalendar","EVENTARC_CLOUD_EVENT_SOURCE":"projects/aura-nails-kalendar/locations/europe-west1/functions/sendEmailReminder"},"runtime":"nodejs20","buildEnvironmentVariables":{"GOOGLE_NODE_RUN_SCRIPTS":""},"dockerRegistry":"ARTIFACT_REGISTRY"},"versionId":"1","updateTime":"2026-08-25T10:45:54.028757093Z"}}
[debug] [2026-08-25T10:45:59.325Z] [create-default-europe-west1-sendEmailReminder] Retrying task index 0
[debug] [2026-08-25T10:45:59.326Z] Checked if tokens are valid: true, expires at: 1787657557902
[debug] [2026-08-25T10:45:59.326Z] Checked if tokens are valid: true, expires at: 1787657557902
[debug] [2026-08-25T10:45:59.327Z] >>> [apiv2][query] GET https://cloudfunctions.googleapis.com/v1/operations/cHJvamVjdHMvYXVyYS1uYWlscy1rYWxlbmRhci9sb2NhdGlvbnMvZXVyb3BlLXdlc3QxL29wZXJhdGlvbnMvb3BlcmF0aW9uLTE3ODc2NTQ3NTI4ODItNjU5ZGNjZTg2Y2VhYS02ZjFmOTcyYi1lYTBlZjdmNg [none]
[debug] [2026-08-25T10:45:59.713Z] <<< [apiv2][status] GET https://cloudfunctions.googleapis.com/v1/operations/cHJvamVjdHMvYXVyYS1uYWlscy1rYWxlbmRhci9sb2NhdGlvbnMvZXVyb3BlLXdlc3QxL29wZXJhdGlvbnMvb3BlcmF0aW9uLTE3ODc2NTQ3NTI4ODItNjU5ZGNjZTg2Y2VhYS02ZjFmOTcyYi1lYTBlZjdmNg 200
[debug] [2026-08-25T10:45:59.713Z] <<< [apiv2][body] GET https://cloudfunctions.googleapis.com/v1/operations/cHJvamVjdHMvYXVyYS1uYWlscy1rYWxlbmRhci9sb2NhdGlvbnMvZXVyb3BlLXdlc3QxL29wZXJhdGlvbnMvb3BlcmF0aW9uLTE3ODc2NTQ3NTI4ODItNjU5ZGNjZTg2Y2VhYS02ZjFmOTcyYi1lYTBlZjdmNg {"name":"operations/cHJvamVjdHMvYXVyYS1uYWlscy1rYWxlbmRhci9sb2NhdGlvbnMvZXVyb3BlLXdlc3QxL29wZXJhdGlvbnMvb3BlcmF0aW9uLTE3ODc2NTQ3NTI4ODItNjU5ZGNjZTg2Y2VhYS02ZjFmOTcyYi1lYTBlZjdmNg","metadata":{"@type":"type.googleapis.com/google.cloud.functions.v1.OperationMetadataV1","target":"projects/aura-nails-kalendar/locations/europe-west1/functions/sendEmailReminder","type":"CREATE_FUNCTION","request":{"@type":"type.googleapis.com/google.cloud.functions.v1.CloudFunction","name":"projects/aura-nails-kalendar/locations/europe-west1/functions/sendEmailReminder","eventTrigger":{"eventType":"google.pubsub.topic.publish","resource":"projects/aura-nails-kalendar/topics/firebase-schedule-sendEmailReminder-europe-west1","failurePolicy":{}},"entryPoint":"sendEmailReminder","updateTime":"1970-01-01T00:00:00Z","labels":{"deployment-tool":"cli-firebase","deployment-scheduled":"true","firebase-functions-hash":"0c2d68fcd7bdfffde7c19304a670c670beb482d2"},"sourceUploadUrl":"https://storage.googleapis.com/uploads-426274606061.europe-west1.cloudfunctions.appspot.com/0d88ce68-9632-4523-b29e-dfd9ff18d6d8.zip?GoogleAccessId=service-45357190349@gcf-admin-robot.iam.gserviceaccount.com&Expires=1787656540&Signature=x2YgtE6ghKmlS6LHA5gA%2BXAUVjZCKM8RQrorxa5ZMJzGevk%2BePGWQr4%2FWoS25HQ3qo3xafnqFa8boOr%2BhjNgwCvWYVHgvGB6ug%2BFAqyzS4YiOaHCSs0z16Axf%2B8VAGsmIuzTi4Zk%2FhmLj1WdGx%2B%2BeIA6So3N%2BwX75vK735cAryWkmu28ygt%2BTEDDicZMqoiP5fRAkO6BzUTcigrZyaEW4tY8IZ6YfGWlkyuGLIGoqQLd9YrPTDFSd2aVRqU2KXTVfOfA6nuHDMHjBNm3AwmTTmeMMBKVu0swBWWEqYdA3%2FXEai5cVLX4Ea8kGs9J%2FE7YI4M%2F6IebuPVZ9NzC6kNDww%3D%3D","environmentVariables":{"FIREBASE_CONFIG":"{\"projectId\":\"aura-nails-kalendar\",\"databaseURL\":\"https://aura-nails-kalendar-default-rtdb.europe-west1.firebasedatabase.app\",\"storageBucket\":\"aura-nails-kalendar.firebasestorage.app\"}","GCLOUD_PROJECT":"aura-nails-kalendar","EVENTARC_CLOUD_EVENT_SOURCE":"projects/aura-nails-kalendar/locations/europe-west1/functions/sendEmailReminder"},"runtime":"nodejs20","buildEnvironmentVariables":{"GOOGLE_NODE_RUN_SCRIPTS":""},"dockerRegistry":"ARTIFACT_REGISTRY"},"versionId":"1","updateTime":"2026-08-25T10:45:54.028757093Z"}}
[debug] [2026-08-25T10:46:03.721Z] [create-default-europe-west1-sendEmailReminder] Retrying task index 0
[debug] [2026-08-25T10:46:03.722Z] Checked if tokens are valid: true, expires at: 1787657557902
[debug] [2026-08-25T10:46:03.722Z] Checked if tokens are valid: true, expires at: 1787657557902
[debug] [2026-08-25T10:46:03.722Z] >>> [apiv2][query] GET https://cloudfunctions.googleapis.com/v1/operations/cHJvamVjdHMvYXVyYS1uYWlscy1rYWxlbmRhci9sb2NhdGlvbnMvZXVyb3BlLXdlc3QxL29wZXJhdGlvbnMvb3BlcmF0aW9uLTE3ODc2NTQ3NTI4ODItNjU5ZGNjZTg2Y2VhYS02ZjFmOTcyYi1lYTBlZjdmNg [none]
[debug] [2026-08-25T10:46:04.283Z] <<< [apiv2][status] GET https://cloudfunctions.googleapis.com/v1/operations/cHJvamVjdHMvYXVyYS1uYWlscy1rYWxlbmRhci9sb2NhdGlvbnMvZXVyb3BlLXdlc3QxL29wZXJhdGlvbnMvb3BlcmF0aW9uLTE3ODc2NTQ3NTI4ODItNjU5ZGNjZTg2Y2VhYS02ZjFmOTcyYi1lYTBlZjdmNg 200
[debug] [2026-08-25T10:46:04.284Z] <<< [apiv2][body] GET https://cloudfunctions.googleapis.com/v1/operations/cHJvamVjdHMvYXVyYS1uYWlscy1rYWxlbmRhci9sb2NhdGlvbnMvZXVyb3BlLXdlc3QxL29wZXJhdGlvbnMvb3BlcmF0aW9uLTE3ODc2NTQ3NTI4ODItNjU5ZGNjZTg2Y2VhYS02ZjFmOTcyYi1lYTBlZjdmNg {"name":"operations/cHJvamVjdHMvYXVyYS1uYWlscy1rYWxlbmRhci9sb2NhdGlvbnMvZXVyb3BlLXdlc3QxL29wZXJhdGlvbnMvb3BlcmF0aW9uLTE3ODc2NTQ3NTI4ODItNjU5ZGNjZTg2Y2VhYS02ZjFmOTcyYi1lYTBlZjdmNg","metadata":{"@type":"type.googleapis.com/google.cloud.functions.v1.OperationMetadataV1","target":"projects/aura-nails-kalendar/locations/europe-west1/functions/sendEmailReminder","type":"CREATE_FUNCTION","request":{"@type":"type.googleapis.com/google.cloud.functions.v1.CloudFunction","name":"projects/aura-nails-kalendar/locations/europe-west1/functions/sendEmailReminder","eventTrigger":{"eventType":"google.pubsub.topic.publish","resource":"projects/aura-nails-kalendar/topics/firebase-schedule-sendEmailReminder-europe-west1","failurePolicy":{}},"entryPoint":"sendEmailReminder","updateTime":"1970-01-01T00:00:00Z","labels":{"deployment-tool":"cli-firebase","deployment-scheduled":"true","firebase-functions-hash":"0c2d68fcd7bdfffde7c19304a670c670beb482d2"},"sourceUploadUrl":"https://storage.googleapis.com/uploads-426274606061.europe-west1.cloudfunctions.appspot.com/0d88ce68-9632-4523-b29e-dfd9ff18d6d8.zip?GoogleAccessId=service-45357190349@gcf-admin-robot.iam.gserviceaccount.com&Expires=1787656540&Signature=x2YgtE6ghKmlS6LHA5gA%2BXAUVjZCKM8RQrorxa5ZMJzGevk%2BePGWQr4%2FWoS25HQ3qo3xafnqFa8boOr%2BhjNgwCvWYVHgvGB6ug%2BFAqyzS4YiOaHCSs0z16Axf%2B8VAGsmIuzTi4Zk%2FhmLj1WdGx%2B%2BeIA6So3N%2BwX75vK735cAryWkmu28ygt%2BTEDDicZMqoiP5fRAkO6BzUTcigrZyaEW4tY8IZ6YfGWlkyuGLIGoqQLd9YrPTDFSd2aVRqU2KXTVfOfA6nuHDMHjBNm3AwmTTmeMMBKVu0swBWWEqYdA3%2FXEai5cVLX4Ea8kGs9J%2FE7YI4M%2F6IebuPVZ9NzC6kNDww%3D%3D","environmentVariables":{"FIREBASE_CONFIG":"{\"projectId\":\"aura-nails-kalendar\",\"databaseURL\":\"https://aura-nails-kalendar-default-rtdb.europe-west1.firebasedatabase.app\",\"storageBucket\":\"aura-nails-kalendar.firebasestorage.app\"}","GCLOUD_PROJECT":"aura-nails-kalendar","EVENTARC_CLOUD_EVENT_SOURCE":"projects/aura-nails-kalendar/locations/europe-west1/functions/sendEmailReminder"},"runtime":"nodejs20","buildEnvironmentVariables":{"GOOGLE_NODE_RUN_SCRIPTS":""},"dockerRegistry":"ARTIFACT_REGISTRY"},"versionId":"1","updateTime":"2026-08-25T10:45:54.028757093Z"}}
[debug] [2026-08-25T10:46:12.293Z] [create-default-europe-west1-sendEmailReminder] Retrying task index 0
[debug] [2026-08-25T10:46:12.294Z] Checked if tokens are valid: true, expires at: 1787657557902
[debug] [2026-08-25T10:46:12.294Z] Checked if tokens are valid: true, expires at: 1787657557902
[debug] [2026-08-25T10:46:12.294Z] >>> [apiv2][query] GET https://cloudfunctions.googleapis.com/v1/operations/cHJvamVjdHMvYXVyYS1uYWlscy1rYWxlbmRhci9sb2NhdGlvbnMvZXVyb3BlLXdlc3QxL29wZXJhdGlvbnMvb3BlcmF0aW9uLTE3ODc2NTQ3NTI4ODItNjU5ZGNjZTg2Y2VhYS02ZjFmOTcyYi1lYTBlZjdmNg [none]
[debug] [2026-08-25T10:46:12.887Z] <<< [apiv2][status] GET https://cloudfunctions.googleapis.com/v1/operations/cHJvamVjdHMvYXVyYS1uYWlscy1rYWxlbmRhci9sb2NhdGlvbnMvZXVyb3BlLXdlc3QxL29wZXJhdGlvbnMvb3BlcmF0aW9uLTE3ODc2NTQ3NTI4ODItNjU5ZGNjZTg2Y2VhYS02ZjFmOTcyYi1lYTBlZjdmNg 200
[debug] [2026-08-25T10:46:12.887Z] <<< [apiv2][body] GET https://cloudfunctions.googleapis.com/v1/operations/cHJvamVjdHMvYXVyYS1uYWlscy1rYWxlbmRhci9sb2NhdGlvbnMvZXVyb3BlLXdlc3QxL29wZXJhdGlvbnMvb3BlcmF0aW9uLTE3ODc2NTQ3NTI4ODItNjU5ZGNjZTg2Y2VhYS02ZjFmOTcyYi1lYTBlZjdmNg {"name":"operations/cHJvamVjdHMvYXVyYS1uYWlscy1rYWxlbmRhci9sb2NhdGlvbnMvZXVyb3BlLXdlc3QxL29wZXJhdGlvbnMvb3BlcmF0aW9uLTE3ODc2NTQ3NTI4ODItNjU5ZGNjZTg2Y2VhYS02ZjFmOTcyYi1lYTBlZjdmNg","metadata":{"@type":"type.googleapis.com/google.cloud.functions.v1.OperationMetadataV1","target":"projects/aura-nails-kalendar/locations/europe-west1/functions/sendEmailReminder","type":"CREATE_FUNCTION","request":{"@type":"type.googleapis.com/google.cloud.functions.v1.CloudFunction","name":"projects/aura-nails-kalendar/locations/europe-west1/functions/sendEmailReminder","eventTrigger":{"eventType":"google.pubsub.topic.publish","resource":"projects/aura-nails-kalendar/topics/firebase-schedule-sendEmailReminder-europe-west1","failurePolicy":{}},"entryPoint":"sendEmailReminder","updateTime":"1970-01-01T00:00:00Z","labels":{"deployment-tool":"cli-firebase","deployment-scheduled":"true","firebase-functions-hash":"0c2d68fcd7bdfffde7c19304a670c670beb482d2"},"sourceUploadUrl":"https://storage.googleapis.com/uploads-426274606061.europe-west1.cloudfunctions.appspot.com/0d88ce68-9632-4523-b29e-dfd9ff18d6d8.zip?GoogleAccessId=service-45357190349@gcf-admin-robot.iam.gserviceaccount.com&Expires=1787656540&Signature=x2YgtE6ghKmlS6LHA5gA%2BXAUVjZCKM8RQrorxa5ZMJzGevk%2BePGWQr4%2FWoS25HQ3qo3xafnqFa8boOr%2BhjNgwCvWYVHgvGB6ug%2BFAqyzS4YiOaHCSs0z16Axf%2B8VAGsmIuzTi4Zk%2FhmLj1WdGx%2B%2BeIA6So3N%2BwX75vK735cAryWkmu28ygt%2BTEDDicZMqoiP5fRAkO6BzUTcigrZyaEW4tY8IZ6YfGWlkyuGLIGoqQLd9YrPTDFSd2aVRqU2KXTVfOfA6nuHDMHjBNm3AwmTTmeMMBKVu0swBWWEqYdA3%2FXEai5cVLX4Ea8kGs9J%2FE7YI4M%2F6IebuPVZ9NzC6kNDww%3D%3D","environmentVariables":{"FIREBASE_CONFIG":"{\"projectId\":\"aura-nails-kalendar\",\"databaseURL\":\"https://aura-nails-kalendar-default-rtdb.europe-west1.firebasedatabase.app\",\"storageBucket\":\"aura-nails-kalendar.firebasestorage.app\"}","GCLOUD_PROJECT":"aura-nails-kalendar","EVENTARC_CLOUD_EVENT_SOURCE":"projects/aura-nails-kalendar/locations/europe-west1/functions/sendEmailReminder"},"runtime":"nodejs20","buildEnvironmentVariables":{"GOOGLE_NODE_RUN_SCRIPTS":""},"dockerRegistry":"ARTIFACT_REGISTRY"},"versionId":"1","updateTime":"2026-08-25T10:45:54.028757093Z","buildId":"d7280b8d-b595-4de8-b3a7-817ee1648d10","buildName":"projects/45357190349/locations/europe-west1/builds/d7280b8d-b595-4de8-b3a7-817ee1648d10"}}
[debug] [2026-08-25T10:46:22.895Z] [create-default-europe-west1-sendEmailReminder] Retrying task index 0
[debug] [2026-08-25T10:46:22.896Z] Checked if tokens are valid: true, expires at: 1787657557902
[debug] [2026-08-25T10:46:22.897Z] Checked if tokens are valid: true, expires at: 1787657557902
[debug] [2026-08-25T10:46:22.897Z] >>> [apiv2][query] GET https://cloudfunctions.googleapis.com/v1/operations/cHJvamVjdHMvYXVyYS1uYWlscy1rYWxlbmRhci9sb2NhdGlvbnMvZXVyb3BlLXdlc3QxL29wZXJhdGlvbnMvb3BlcmF0aW9uLTE3ODc2NTQ3NTI4ODItNjU5ZGNjZTg2Y2VhYS02ZjFmOTcyYi1lYTBlZjdmNg [none]
[debug] [2026-08-25T10:46:23.339Z] <<< [apiv2][status] GET https://cloudfunctions.googleapis.com/v1/operations/cHJvamVjdHMvYXVyYS1uYWlscy1rYWxlbmRhci9sb2NhdGlvbnMvZXVyb3BlLXdlc3QxL29wZXJhdGlvbnMvb3BlcmF0aW9uLTE3ODc2NTQ3NTI4ODItNjU5ZGNjZTg2Y2VhYS02ZjFmOTcyYi1lYTBlZjdmNg 200
[debug] [2026-08-25T10:46:23.339Z] <<< [apiv2][body] GET https://cloudfunctions.googleapis.com/v1/operations/cHJvamVjdHMvYXVyYS1uYWlscy1rYWxlbmRhci9sb2NhdGlvbnMvZXVyb3BlLXdlc3QxL29wZXJhdGlvbnMvb3BlcmF0aW9uLTE3ODc2NTQ3NTI4ODItNjU5ZGNjZTg2Y2VhYS02ZjFmOTcyYi1lYTBlZjdmNg {"name":"operations/cHJvamVjdHMvYXVyYS1uYWlscy1rYWxlbmRhci9sb2NhdGlvbnMvZXVyb3BlLXdlc3QxL29wZXJhdGlvbnMvb3BlcmF0aW9uLTE3ODc2NTQ3NTI4ODItNjU5ZGNjZTg2Y2VhYS02ZjFmOTcyYi1lYTBlZjdmNg","metadata":{"@type":"type.googleapis.com/google.cloud.functions.v1.OperationMetadataV1","target":"projects/aura-nails-kalendar/locations/europe-west1/functions/sendEmailReminder","type":"CREATE_FUNCTION","request":{"@type":"type.googleapis.com/google.cloud.functions.v1.CloudFunction","name":"projects/aura-nails-kalendar/locations/europe-west1/functions/sendEmailReminder","eventTrigger":{"eventType":"google.pubsub.topic.publish","resource":"projects/aura-nails-kalendar/topics/firebase-schedule-sendEmailReminder-europe-west1","failurePolicy":{}},"entryPoint":"sendEmailReminder","updateTime":"1970-01-01T00:00:00Z","labels":{"deployment-tool":"cli-firebase","deployment-scheduled":"true","firebase-functions-hash":"0c2d68fcd7bdfffde7c19304a670c670beb482d2"},"sourceUploadUrl":"https://storage.googleapis.com/uploads-426274606061.europe-west1.cloudfunctions.appspot.com/0d88ce68-9632-4523-b29e-dfd9ff18d6d8.zip?GoogleAccessId=service-45357190349@gcf-admin-robot.iam.gserviceaccount.com&Expires=1787656540&Signature=x2YgtE6ghKmlS6LHA5gA%2BXAUVjZCKM8RQrorxa5ZMJzGevk%2BePGWQr4%2FWoS25HQ3qo3xafnqFa8boOr%2BhjNgwCvWYVHgvGB6ug%2BFAqyzS4YiOaHCSs0z16Axf%2B8VAGsmIuzTi4Zk%2FhmLj1WdGx%2B%2BeIA6So3N%2BwX75vK735cAryWkmu28ygt%2BTEDDicZMqoiP5fRAkO6BzUTcigrZyaEW4tY8IZ6YfGWlkyuGLIGoqQLd9YrPTDFSd2aVRqU2KXTVfOfA6nuHDMHjBNm3AwmTTmeMMBKVu0swBWWEqYdA3%2FXEai5cVLX4Ea8kGs9J%2FE7YI4M%2F6IebuPVZ9NzC6kNDww%3D%3D","environmentVariables":{"FIREBASE_CONFIG":"{\"projectId\":\"aura-nails-kalendar\",\"databaseURL\":\"https://aura-nails-kalendar-default-rtdb.europe-west1.firebasedatabase.app\",\"storageBucket\":\"aura-nails-kalendar.firebasestorage.app\"}","GCLOUD_PROJECT":"aura-nails-kalendar","EVENTARC_CLOUD_EVENT_SOURCE":"projects/aura-nails-kalendar/locations/europe-west1/functions/sendEmailReminder"},"runtime":"nodejs20","buildEnvironmentVariables":{"GOOGLE_NODE_RUN_SCRIPTS":""},"dockerRegistry":"ARTIFACT_REGISTRY"},"versionId":"1","updateTime":"2026-08-25T10:45:54.028757093Z","buildId":"d7280b8d-b595-4de8-b3a7-817ee1648d10","buildName":"projects/45357190349/locations/europe-west1/builds/d7280b8d-b595-4de8-b3a7-817ee1648d10"}}
[debug] [2026-08-25T10:46:33.346Z] [create-default-europe-west1-sendEmailReminder] Retrying task index 0
[debug] [2026-08-25T10:46:33.347Z] Checked if tokens are valid: true, expires at: 1787657557902
[debug] [2026-08-25T10:46:33.348Z] Checked if tokens are valid: true, expires at: 1787657557902
[debug] [2026-08-25T10:46:33.348Z] >>> [apiv2][query] GET https://cloudfunctions.googleapis.com/v1/operations/cHJvamVjdHMvYXVyYS1uYWlscy1rYWxlbmRhci9sb2NhdGlvbnMvZXVyb3BlLXdlc3QxL29wZXJhdGlvbnMvb3BlcmF0aW9uLTE3ODc2NTQ3NTI4ODItNjU5ZGNjZTg2Y2VhYS02ZjFmOTcyYi1lYTBlZjdmNg [none]
[debug] [2026-08-25T10:46:33.782Z] <<< [apiv2][status] GET https://cloudfunctions.googleapis.com/v1/operations/cHJvamVjdHMvYXVyYS1uYWlscy1rYWxlbmRhci9sb2NhdGlvbnMvZXVyb3BlLXdlc3QxL29wZXJhdGlvbnMvb3BlcmF0aW9uLTE3ODc2NTQ3NTI4ODItNjU5ZGNjZTg2Y2VhYS02ZjFmOTcyYi1lYTBlZjdmNg 200
[debug] [2026-08-25T10:46:33.782Z] <<< [apiv2][body] GET https://cloudfunctions.googleapis.com/v1/operations/cHJvamVjdHMvYXVyYS1uYWlscy1rYWxlbmRhci9sb2NhdGlvbnMvZXVyb3BlLXdlc3QxL29wZXJhdGlvbnMvb3BlcmF0aW9uLTE3ODc2NTQ3NTI4ODItNjU5ZGNjZTg2Y2VhYS02ZjFmOTcyYi1lYTBlZjdmNg {"name":"operations/cHJvamVjdHMvYXVyYS1uYWlscy1rYWxlbmRhci9sb2NhdGlvbnMvZXVyb3BlLXdlc3QxL29wZXJhdGlvbnMvb3BlcmF0aW9uLTE3ODc2NTQ3NTI4ODItNjU5ZGNjZTg2Y2VhYS02ZjFmOTcyYi1lYTBlZjdmNg","metadata":{"@type":"type.googleapis.com/google.cloud.functions.v1.OperationMetadataV1","target":"projects/aura-nails-kalendar/locations/europe-west1/functions/sendEmailReminder","type":"CREATE_FUNCTION","request":{"@type":"type.googleapis.com/google.cloud.functions.v1.CloudFunction","name":"projects/aura-nails-kalendar/locations/europe-west1/functions/sendEmailReminder","eventTrigger":{"eventType":"google.pubsub.topic.publish","resource":"projects/aura-nails-kalendar/topics/firebase-schedule-sendEmailReminder-europe-west1","failurePolicy":{}},"entryPoint":"sendEmailReminder","updateTime":"1970-01-01T00:00:00Z","labels":{"deployment-tool":"cli-firebase","deployment-scheduled":"true","firebase-functions-hash":"0c2d68fcd7bdfffde7c19304a670c670beb482d2"},"sourceUploadUrl":"https://storage.googleapis.com/uploads-426274606061.europe-west1.cloudfunctions.appspot.com/0d88ce68-9632-4523-b29e-dfd9ff18d6d8.zip?GoogleAccessId=service-45357190349@gcf-admin-robot.iam.gserviceaccount.com&Expires=1787656540&Signature=x2YgtE6ghKmlS6LHA5gA%2BXAUVjZCKM8RQrorxa5ZMJzGevk%2BePGWQr4%2FWoS25HQ3qo3xafnqFa8boOr%2BhjNgwCvWYVHgvGB6ug%2BFAqyzS4YiOaHCSs0z16Axf%2B8VAGsmIuzTi4Zk%2FhmLj1WdGx%2B%2BeIA6So3N%2BwX75vK735cAryWkmu28ygt%2BTEDDicZMqoiP5fRAkO6BzUTcigrZyaEW4tY8IZ6YfGWlkyuGLIGoqQLd9YrPTDFSd2aVRqU2KXTVfOfA6nuHDMHjBNm3AwmTTmeMMBKVu0swBWWEqYdA3%2FXEai5cVLX4Ea8kGs9J%2FE7YI4M%2F6IebuPVZ9NzC6kNDww%3D%3D","environmentVariables":{"FIREBASE_CONFIG":"{\"projectId\":\"aura-nails-kalendar\",\"databaseURL\":\"https://aura-nails-kalendar-default-rtdb.europe-west1.firebasedatabase.app\",\"storageBucket\":\"aura-nails-kalendar.firebasestorage.app\"}","GCLOUD_PROJECT":"aura-nails-kalendar","EVENTARC_CLOUD_EVENT_SOURCE":"projects/aura-nails-kalendar/locations/europe-west1/functions/sendEmailReminder"},"runtime":"nodejs20","buildEnvironmentVariables":{"GOOGLE_NODE_RUN_SCRIPTS":""},"dockerRegistry":"ARTIFACT_REGISTRY"},"versionId":"1","updateTime":"2026-08-25T10:45:54.028757093Z","buildId":"d7280b8d-b595-4de8-b3a7-817ee1648d10","buildName":"projects/45357190349/locations/europe-west1/builds/d7280b8d-b595-4de8-b3a7-817ee1648d10"}}
[debug] [2026-08-25T10:46:43.785Z] [create-default-europe-west1-sendEmailReminder] Retrying task index 0
[debug] [2026-08-25T10:46:43.786Z] Checked if tokens are valid: true, expires at: 1787657557902
[debug] [2026-08-25T10:46:43.787Z] Checked if tokens are valid: true, expires at: 1787657557902
[debug] [2026-08-25T10:46:43.788Z] >>> [apiv2][query] GET https://cloudfunctions.googleapis.com/v1/operations/cHJvamVjdHMvYXVyYS1uYWlscy1rYWxlbmRhci9sb2NhdGlvbnMvZXVyb3BlLXdlc3QxL29wZXJhdGlvbnMvb3BlcmF0aW9uLTE3ODc2NTQ3NTI4ODItNjU5ZGNjZTg2Y2VhYS02ZjFmOTcyYi1lYTBlZjdmNg [none]
[debug] [2026-08-25T10:46:44.435Z] <<< [apiv2][status] GET https://cloudfunctions.googleapis.com/v1/operations/cHJvamVjdHMvYXVyYS1uYWlscy1rYWxlbmRhci9sb2NhdGlvbnMvZXVyb3BlLXdlc3QxL29wZXJhdGlvbnMvb3BlcmF0aW9uLTE3ODc2NTQ3NTI4ODItNjU5ZGNjZTg2Y2VhYS02ZjFmOTcyYi1lYTBlZjdmNg 200
[debug] [2026-08-25T10:46:44.435Z] <<< [apiv2][body] GET https://cloudfunctions.googleapis.com/v1/operations/cHJvamVjdHMvYXVyYS1uYWlscy1rYWxlbmRhci9sb2NhdGlvbnMvZXVyb3BlLXdlc3QxL29wZXJhdGlvbnMvb3BlcmF0aW9uLTE3ODc2NTQ3NTI4ODItNjU5ZGNjZTg2Y2VhYS02ZjFmOTcyYi1lYTBlZjdmNg {"name":"operations/cHJvamVjdHMvYXVyYS1uYWlscy1rYWxlbmRhci9sb2NhdGlvbnMvZXVyb3BlLXdlc3QxL29wZXJhdGlvbnMvb3BlcmF0aW9uLTE3ODc2NTQ3NTI4ODItNjU5ZGNjZTg2Y2VhYS02ZjFmOTcyYi1lYTBlZjdmNg","metadata":{"@type":"type.googleapis.com/google.cloud.functions.v1.OperationMetadataV1","target":"projects/aura-nails-kalendar/locations/europe-west1/functions/sendEmailReminder","type":"CREATE_FUNCTION","request":{"@type":"type.googleapis.com/google.cloud.functions.v1.CloudFunction","name":"projects/aura-nails-kalendar/locations/europe-west1/functions/sendEmailReminder","eventTrigger":{"eventType":"google.pubsub.topic.publish","resource":"projects/aura-nails-kalendar/topics/firebase-schedule-sendEmailReminder-europe-west1","failurePolicy":{}},"entryPoint":"sendEmailReminder","updateTime":"1970-01-01T00:00:00Z","labels":{"deployment-tool":"cli-firebase","deployment-scheduled":"true","firebase-functions-hash":"0c2d68fcd7bdfffde7c19304a670c670beb482d2"},"sourceUploadUrl":"https://storage.googleapis.com/uploads-426274606061.europe-west1.cloudfunctions.appspot.com/0d88ce68-9632-4523-b29e-dfd9ff18d6d8.zip?GoogleAccessId=service-45357190349@gcf-admin-robot.iam.gserviceaccount.com&Expires=1787656540&Signature=x2YgtE6ghKmlS6LHA5gA%2BXAUVjZCKM8RQrorxa5ZMJzGevk%2BePGWQr4%2FWoS25HQ3qo3xafnqFa8boOr%2BhjNgwCvWYVHgvGB6ug%2BFAqyzS4YiOaHCSs0z16Axf%2B8VAGsmIuzTi4Zk%2FhmLj1WdGx%2B%2BeIA6So3N%2BwX75vK735cAryWkmu28ygt%2BTEDDicZMqoiP5fRAkO6BzUTcigrZyaEW4tY8IZ6YfGWlkyuGLIGoqQLd9YrPTDFSd2aVRqU2KXTVfOfA6nuHDMHjBNm3AwmTTmeMMBKVu0swBWWEqYdA3%2FXEai5cVLX4Ea8kGs9J%2FE7YI4M%2F6IebuPVZ9NzC6kNDww%3D%3D","environmentVariables":{"FIREBASE_CONFIG":"{\"projectId\":\"aura-nails-kalendar\",\"databaseURL\":\"https://aura-nails-kalendar-default-rtdb.europe-west1.firebasedatabase.app\",\"storageBucket\":\"aura-nails-kalendar.firebasestorage.app\"}","GCLOUD_PROJECT":"aura-nails-kalendar","EVENTARC_CLOUD_EVENT_SOURCE":"projects/aura-nails-kalendar/locations/europe-west1/functions/sendEmailReminder"},"runtime":"nodejs20","buildEnvironmentVariables":{"GOOGLE_NODE_RUN_SCRIPTS":""},"dockerRegistry":"ARTIFACT_REGISTRY"},"versionId":"1","updateTime":"2026-08-25T10:45:54.028757093Z","buildId":"d7280b8d-b595-4de8-b3a7-817ee1648d10","buildName":"projects/45357190349/locations/europe-west1/builds/d7280b8d-b595-4de8-b3a7-817ee1648d10"}}
[debug] [2026-08-25T10:46:54.437Z] [create-default-europe-west1-sendEmailReminder] Retrying task index 0
[debug] [2026-08-25T10:46:54.438Z] Checked if tokens are valid: true, expires at: 1787657557902
[debug] [2026-08-25T10:46:54.438Z] Checked if tokens are valid: true, expires at: 1787657557902
[debug] [2026-08-25T10:46:54.438Z] >>> [apiv2][query] GET https://cloudfunctions.googleapis.com/v1/operations/cHJvamVjdHMvYXVyYS1uYWlscy1rYWxlbmRhci9sb2NhdGlvbnMvZXVyb3BlLXdlc3QxL29wZXJhdGlvbnMvb3BlcmF0aW9uLTE3ODc2NTQ3NTI4ODItNjU5ZGNjZTg2Y2VhYS02ZjFmOTcyYi1lYTBlZjdmNg [none]
[debug] [2026-08-25T10:46:54.980Z] <<< [apiv2][status] GET https://cloudfunctions.googleapis.com/v1/operations/cHJvamVjdHMvYXVyYS1uYWlscy1rYWxlbmRhci9sb2NhdGlvbnMvZXVyb3BlLXdlc3QxL29wZXJhdGlvbnMvb3BlcmF0aW9uLTE3ODc2NTQ3NTI4ODItNjU5ZGNjZTg2Y2VhYS02ZjFmOTcyYi1lYTBlZjdmNg 200
[debug] [2026-08-25T10:46:54.981Z] <<< [apiv2][body] GET https://cloudfunctions.googleapis.com/v1/operations/cHJvamVjdHMvYXVyYS1uYWlscy1rYWxlbmRhci9sb2NhdGlvbnMvZXVyb3BlLXdlc3QxL29wZXJhdGlvbnMvb3BlcmF0aW9uLTE3ODc2NTQ3NTI4ODItNjU5ZGNjZTg2Y2VhYS02ZjFmOTcyYi1lYTBlZjdmNg {"name":"operations/cHJvamVjdHMvYXVyYS1uYWlscy1rYWxlbmRhci9sb2NhdGlvbnMvZXVyb3BlLXdlc3QxL29wZXJhdGlvbnMvb3BlcmF0aW9uLTE3ODc2NTQ3NTI4ODItNjU5ZGNjZTg2Y2VhYS02ZjFmOTcyYi1lYTBlZjdmNg","metadata":{"@type":"type.googleapis.com/google.cloud.functions.v1.OperationMetadataV1","target":"projects/aura-nails-kalendar/locations/europe-west1/functions/sendEmailReminder","type":"CREATE_FUNCTION","request":{"@type":"type.googleapis.com/google.cloud.functions.v1.CloudFunction","name":"projects/aura-nails-kalendar/locations/europe-west1/functions/sendEmailReminder","eventTrigger":{"eventType":"google.pubsub.topic.publish","resource":"projects/aura-nails-kalendar/topics/firebase-schedule-sendEmailReminder-europe-west1","failurePolicy":{}},"entryPoint":"sendEmailReminder","updateTime":"1970-01-01T00:00:00Z","labels":{"deployment-tool":"cli-firebase","deployment-scheduled":"true","firebase-functions-hash":"0c2d68fcd7bdfffde7c19304a670c670beb482d2"},"sourceUploadUrl":"https://storage.googleapis.com/uploads-426274606061.europe-west1.cloudfunctions.appspot.com/0d88ce68-9632-4523-b29e-dfd9ff18d6d8.zip?GoogleAccessId=service-45357190349@gcf-admin-robot.iam.gserviceaccount.com&Expires=1787656540&Signature=x2YgtE6ghKmlS6LHA5gA%2BXAUVjZCKM8RQrorxa5ZMJzGevk%2BePGWQr4%2FWoS25HQ3qo3xafnqFa8boOr%2BhjNgwCvWYVHgvGB6ug%2BFAqyzS4YiOaHCSs0z16Axf%2B8VAGsmIuzTi4Zk%2FhmLj1WdGx%2B%2BeIA6So3N%2BwX75vK735cAryWkmu28ygt%2BTEDDicZMqoiP5fRAkO6BzUTcigrZyaEW4tY8IZ6YfGWlkyuGLIGoqQLd9YrPTDFSd2aVRqU2KXTVfOfA6nuHDMHjBNm3AwmTTmeMMBKVu0swBWWEqYdA3%2FXEai5cVLX4Ea8kGs9J%2FE7YI4M%2F6IebuPVZ9NzC6kNDww%3D%3D","environmentVariables":{"FIREBASE_CONFIG":"{\"projectId\":\"aura-nails-kalendar\",\"databaseURL\":\"https://aura-nails-kalendar-default-rtdb.europe-west1.firebasedatabase.app\",\"storageBucket\":\"aura-nails-kalendar.firebasestorage.app\"}","GCLOUD_PROJECT":"aura-nails-kalendar","EVENTARC_CLOUD_EVENT_SOURCE":"projects/aura-nails-kalendar/locations/europe-west1/functions/sendEmailReminder"},"runtime":"nodejs20","buildEnvironmentVariables":{"GOOGLE_NODE_RUN_SCRIPTS":""},"dockerRegistry":"ARTIFACT_REGISTRY"},"versionId":"1","updateTime":"2026-08-25T10:45:54.028757093Z","buildId":"d7280b8d-b595-4de8-b3a7-817ee1648d10","buildName":"projects/45357190349/locations/europe-west1/builds/d7280b8d-b595-4de8-b3a7-817ee1648d10"}}
[debug] [2026-08-25T10:47:04.988Z] [create-default-europe-west1-sendEmailReminder] Retrying task index 0
[debug] [2026-08-25T10:47:04.988Z] Checked if tokens are valid: true, expires at: 1787657557902
[debug] [2026-08-25T10:47:04.989Z] Checked if tokens are valid: true, expires at: 1787657557902
[debug] [2026-08-25T10:47:04.989Z] >>> [apiv2][query] GET https://cloudfunctions.googleapis.com/v1/operations/cHJvamVjdHMvYXVyYS1uYWlscy1rYWxlbmRhci9sb2NhdGlvbnMvZXVyb3BlLXdlc3QxL29wZXJhdGlvbnMvb3BlcmF0aW9uLTE3ODc2NTQ3NTI4ODItNjU5ZGNjZTg2Y2VhYS02ZjFmOTcyYi1lYTBlZjdmNg [none]
[debug] [2026-08-25T10:47:05.347Z] <<< [apiv2][status] GET https://cloudfunctions.googleapis.com/v1/operations/cHJvamVjdHMvYXVyYS1uYWlscy1rYWxlbmRhci9sb2NhdGlvbnMvZXVyb3BlLXdlc3QxL29wZXJhdGlvbnMvb3BlcmF0aW9uLTE3ODc2NTQ3NTI4ODItNjU5ZGNjZTg2Y2VhYS02ZjFmOTcyYi1lYTBlZjdmNg 200
[debug] [2026-08-25T10:47:05.347Z] <<< [apiv2][body] GET https://cloudfunctions.googleapis.com/v1/operations/cHJvamVjdHMvYXVyYS1uYWlscy1rYWxlbmRhci9sb2NhdGlvbnMvZXVyb3BlLXdlc3QxL29wZXJhdGlvbnMvb3BlcmF0aW9uLTE3ODc2NTQ3NTI4ODItNjU5ZGNjZTg2Y2VhYS02ZjFmOTcyYi1lYTBlZjdmNg {"name":"operations/cHJvamVjdHMvYXVyYS1uYWlscy1rYWxlbmRhci9sb2NhdGlvbnMvZXVyb3BlLXdlc3QxL29wZXJhdGlvbnMvb3BlcmF0aW9uLTE3ODc2NTQ3NTI4ODItNjU5ZGNjZTg2Y2VhYS02ZjFmOTcyYi1lYTBlZjdmNg","metadata":{"@type":"type.googleapis.com/google.cloud.functions.v1.OperationMetadataV1","target":"projects/aura-nails-kalendar/locations/europe-west1/functions/sendEmailReminder","type":"CREATE_FUNCTION","request":{"@type":"type.googleapis.com/google.cloud.functions.v1.CloudFunction","name":"projects/aura-nails-kalendar/locations/europe-west1/functions/sendEmailReminder","eventTrigger":{"eventType":"google.pubsub.topic.publish","resource":"projects/aura-nails-kalendar/topics/firebase-schedule-sendEmailReminder-europe-west1","failurePolicy":{}},"entryPoint":"sendEmailReminder","updateTime":"1970-01-01T00:00:00Z","labels":{"deployment-tool":"cli-firebase","deployment-scheduled":"true","firebase-functions-hash":"0c2d68fcd7bdfffde7c19304a670c670beb482d2"},"sourceUploadUrl":"https://storage.googleapis.com/uploads-426274606061.europe-west1.cloudfunctions.appspot.com/0d88ce68-9632-4523-b29e-dfd9ff18d6d8.zip?GoogleAccessId=service-45357190349@gcf-admin-robot.iam.gserviceaccount.com&Expires=1787656540&Signature=x2YgtE6ghKmlS6LHA5gA%2BXAUVjZCKM8RQrorxa5ZMJzGevk%2BePGWQr4%2FWoS25HQ3qo3xafnqFa8boOr%2BhjNgwCvWYVHgvGB6ug%2BFAqyzS4YiOaHCSs0z16Axf%2B8VAGsmIuzTi4Zk%2FhmLj1WdGx%2B%2BeIA6So3N%2BwX75vK735cAryWkmu28ygt%2BTEDDicZMqoiP5fRAkO6BzUTcigrZyaEW4tY8IZ6YfGWlkyuGLIGoqQLd9YrPTDFSd2aVRqU2KXTVfOfA6nuHDMHjBNm3AwmTTmeMMBKVu0swBWWEqYdA3%2FXEai5cVLX4Ea8kGs9J%2FE7YI4M%2F6IebuPVZ9NzC6kNDww%3D%3D","environmentVariables":{"FIREBASE_CONFIG":"{\"projectId\":\"aura-nails-kalendar\",\"databaseURL\":\"https://aura-nails-kalendar-default-rtdb.europe-west1.firebasedatabase.app\",\"storageBucket\":\"aura-nails-kalendar.firebasestorage.app\"}","GCLOUD_PROJECT":"aura-nails-kalendar","EVENTARC_CLOUD_EVENT_SOURCE":"projects/aura-nails-kalendar/locations/europe-west1/functions/sendEmailReminder"},"runtime":"nodejs20","buildEnvironmentVariables":{"GOOGLE_NODE_RUN_SCRIPTS":""},"dockerRegistry":"ARTIFACT_REGISTRY"},"versionId":"1","updateTime":"2026-08-25T10:45:54.028757093Z","buildId":"d7280b8d-b595-4de8-b3a7-817ee1648d10","sourceToken":"061062ae-b618-498d-b461-dcca36715075","buildName":"projects/45357190349/locations/europe-west1/builds/d7280b8d-b595-4de8-b3a7-817ee1648d10"}}
[debug] [2026-08-25T10:47:05.347Z] Got source token 061062ae-b618-498d-b461-dcca36715075 for region europe-west1
[debug] [2026-08-25T10:47:05.348Z] Checked if tokens are valid: true, expires at: 1787657557902
[debug] [2026-08-25T10:47:05.348Z] Checked if tokens are valid: true, expires at: 1787657557902
[debug] [2026-08-25T10:47:05.348Z] >>> [apiv2][query] POST https://cloudfunctions.googleapis.com/v1/projects/aura-nails-kalendar/locations/europe-west1/functions [none]
[debug] [2026-08-25T10:47:05.348Z] >>> [apiv2][body] POST https://cloudfunctions.googleapis.com/v1/projects/aura-nails-kalendar/locations/europe-west1/functions {"name":"projects/aura-nails-kalendar/locations/europe-west1/functions/sendEmailReminderManual","sourceUploadUrl":"https://storage.googleapis.com/uploads-426274606061.europe-west1.cloudfunctions.appspot.com/0d88ce68-9632-4523-b29e-dfd9ff18d6d8.zip?GoogleAccessId=service-45357190349@gcf-admin-robot.iam.gserviceaccount.com&Expires=1787656540&Signature=x2YgtE6ghKmlS6LHA5gA%2BXAUVjZCKM8RQrorxa5ZMJzGevk%2BePGWQr4%2FWoS25HQ3qo3xafnqFa8boOr%2BhjNgwCvWYVHgvGB6ug%2BFAqyzS4YiOaHCSs0z16Axf%2B8VAGsmIuzTi4Zk%2FhmLj1WdGx%2B%2BeIA6So3N%2BwX75vK735cAryWkmu28ygt%2BTEDDicZMqoiP5fRAkO6BzUTcigrZyaEW4tY8IZ6YfGWlkyuGLIGoqQLd9YrPTDFSd2aVRqU2KXTVfOfA6nuHDMHjBNm3AwmTTmeMMBKVu0swBWWEqYdA3%2FXEai5cVLX4Ea8kGs9J%2FE7YI4M%2F6IebuPVZ9NzC6kNDww%3D%3D","entryPoint":"sendEmailReminderManual","runtime":"nodejs20","dockerRegistry":"ARTIFACT_REGISTRY","labels":{"deployment-tool":"cli-firebase","firebase-functions-hash":"0c2d68fcd7bdfffde7c19304a670c670beb482d2"},"httpsTrigger":{"securityLevel":"SECURE_ALWAYS"},"environmentVariables":{"FIREBASE_CONFIG":"{\"projectId\":\"aura-nails-kalendar\",\"databaseURL\":\"https://aura-nails-kalendar-default-rtdb.europe-west1.firebasedatabase.app\",\"storageBucket\":\"aura-nails-kalendar.firebasestorage.app\"}","GCLOUD_PROJECT":"aura-nails-kalendar","EVENTARC_CLOUD_EVENT_SOURCE":"projects/aura-nails-kalendar/locations/europe-west1/functions/sendEmailReminderManual"},"sourceToken":"061062ae-b618-498d-b461-dcca36715075","buildEnvironmentVariables":{"GOOGLE_NODE_RUN_SCRIPTS":""}}
[debug] [2026-08-25T10:47:06.357Z] <<< [apiv2][status] POST https://cloudfunctions.googleapis.com/v1/projects/aura-nails-kalendar/locations/europe-west1/functions 200
[debug] [2026-08-25T10:47:06.357Z] <<< [apiv2][body] POST https://cloudfunctions.googleapis.com/v1/projects/aura-nails-kalendar/locations/europe-west1/functions {"name":"operations/cHJvamVjdHMvYXVyYS1uYWlscy1rYWxlbmRhci9sb2NhdGlvbnMvZXVyb3BlLXdlc3QxL29wZXJhdGlvbnMvb3BlcmF0aW9uLTE3ODc2NTQ4MjQ4ODEtNjU5ZGNkMmQxNmUzNi03ZTZmNjQyZC0yNDc1Y2JjZQ","metadata":{"@type":"type.googleapis.com/google.cloud.functions.v1.OperationMetadataV1","target":"projects/aura-nails-kalendar/locations/europe-west1/functions/sendEmailReminderManual","updateTime":"2026-08-25T10:47:05.588196575Z"}}
[debug] [2026-08-25T10:47:06.358Z] Checked if tokens are valid: true, expires at: 1787657557902
[debug] [2026-08-25T10:47:06.358Z] Checked if tokens are valid: true, expires at: 1787657557902
[debug] [2026-08-25T10:47:06.358Z] >>> [apiv2][query] GET https://cloudfunctions.googleapis.com/v1/operations/cHJvamVjdHMvYXVyYS1uYWlscy1rYWxlbmRhci9sb2NhdGlvbnMvZXVyb3BlLXdlc3QxL29wZXJhdGlvbnMvb3BlcmF0aW9uLTE3ODc2NTQ4MjQ4ODEtNjU5ZGNkMmQxNmUzNi03ZTZmNjQyZC0yNDc1Y2JjZQ [none]
[debug] [2026-08-25T10:47:06.654Z] <<< [apiv2][status] GET https://cloudfunctions.googleapis.com/v1/operations/cHJvamVjdHMvYXVyYS1uYWlscy1rYWxlbmRhci9sb2NhdGlvbnMvZXVyb3BlLXdlc3QxL29wZXJhdGlvbnMvb3BlcmF0aW9uLTE3ODc2NTQ4MjQ4ODEtNjU5ZGNkMmQxNmUzNi03ZTZmNjQyZC0yNDc1Y2JjZQ 200
[debug] [2026-08-25T10:47:06.654Z] <<< [apiv2][body] GET https://cloudfunctions.googleapis.com/v1/operations/cHJvamVjdHMvYXVyYS1uYWlscy1rYWxlbmRhci9sb2NhdGlvbnMvZXVyb3BlLXdlc3QxL29wZXJhdGlvbnMvb3BlcmF0aW9uLTE3ODc2NTQ4MjQ4ODEtNjU5ZGNkMmQxNmUzNi03ZTZmNjQyZC0yNDc1Y2JjZQ {"name":"operations/cHJvamVjdHMvYXVyYS1uYWlscy1rYWxlbmRhci9sb2NhdGlvbnMvZXVyb3BlLXdlc3QxL29wZXJhdGlvbnMvb3BlcmF0aW9uLTE3ODc2NTQ4MjQ4ODEtNjU5ZGNkMmQxNmUzNi03ZTZmNjQyZC0yNDc1Y2JjZQ","metadata":{"@type":"type.googleapis.com/google.cloud.functions.v1.OperationMetadataV1","target":"projects/aura-nails-kalendar/locations/europe-west1/functions/sendEmailReminderManual","updateTime":"2026-08-25T10:47:05.588196575Z"}}
[debug] [2026-08-25T10:47:07.161Z] [create-default-europe-west1-sendEmailReminderManual] Retrying task index 0
[debug] [2026-08-25T10:47:07.162Z] Checked if tokens are valid: true, expires at: 1787657557902
[debug] [2026-08-25T10:47:07.162Z] Checked if tokens are valid: true, expires at: 1787657557902
[debug] [2026-08-25T10:47:07.162Z] >>> [apiv2][query] GET https://cloudfunctions.googleapis.com/v1/operations/cHJvamVjdHMvYXVyYS1uYWlscy1rYWxlbmRhci9sb2NhdGlvbnMvZXVyb3BlLXdlc3QxL29wZXJhdGlvbnMvb3BlcmF0aW9uLTE3ODc2NTQ4MjQ4ODEtNjU5ZGNkMmQxNmUzNi03ZTZmNjQyZC0yNDc1Y2JjZQ [none]
[debug] [2026-08-25T10:47:07.372Z] <<< [apiv2][status] GET https://cloudfunctions.googleapis.com/v1/operations/cHJvamVjdHMvYXVyYS1uYWlscy1rYWxlbmRhci9sb2NhdGlvbnMvZXVyb3BlLXdlc3QxL29wZXJhdGlvbnMvb3BlcmF0aW9uLTE3ODc2NTQ4MjQ4ODEtNjU5ZGNkMmQxNmUzNi03ZTZmNjQyZC0yNDc1Y2JjZQ 200
[debug] [2026-08-25T10:47:07.372Z] <<< [apiv2][body] GET https://cloudfunctions.googleapis.com/v1/operations/cHJvamVjdHMvYXVyYS1uYWlscy1rYWxlbmRhci9sb2NhdGlvbnMvZXVyb3BlLXdlc3QxL29wZXJhdGlvbnMvb3BlcmF0aW9uLTE3ODc2NTQ4MjQ4ODEtNjU5ZGNkMmQxNmUzNi03ZTZmNjQyZC0yNDc1Y2JjZQ {"name":"operations/cHJvamVjdHMvYXVyYS1uYWlscy1rYWxlbmRhci9sb2NhdGlvbnMvZXVyb3BlLXdlc3QxL29wZXJhdGlvbnMvb3BlcmF0aW9uLTE3ODc2NTQ4MjQ4ODEtNjU5ZGNkMmQxNmUzNi03ZTZmNjQyZC0yNDc1Y2JjZQ","metadata":{"@type":"type.googleapis.com/google.cloud.functions.v1.OperationMetadataV1","target":"projects/aura-nails-kalendar/locations/europe-west1/functions/sendEmailReminderManual","type":"CREATE_FUNCTION","request":{"@type":"type.googleapis.com/google.cloud.functions.v1.CloudFunction","name":"projects/aura-nails-kalendar/locations/europe-west1/functions/sendEmailReminderManual","httpsTrigger":{"securityLevel":"SECURE_ALWAYS"},"entryPoint":"sendEmailReminderManual","updateTime":"1970-01-01T00:00:00Z","labels":{"deployment-tool":"cli-firebase","firebase-functions-hash":"0c2d68fcd7bdfffde7c19304a670c670beb482d2"},"sourceUploadUrl":"https://storage.googleapis.com/uploads-426274606061.europe-west1.cloudfunctions.appspot.com/0d88ce68-9632-4523-b29e-dfd9ff18d6d8.zip?GoogleAccessId=service-45357190349@gcf-admin-robot.iam.gserviceaccount.com&Expires=1787656540&Signature=x2YgtE6ghKmlS6LHA5gA%2BXAUVjZCKM8RQrorxa5ZMJzGevk%2BePGWQr4%2FWoS25HQ3qo3xafnqFa8boOr%2BhjNgwCvWYVHgvGB6ug%2BFAqyzS4YiOaHCSs0z16Axf%2B8VAGsmIuzTi4Zk%2FhmLj1WdGx%2B%2BeIA6So3N%2BwX75vK735cAryWkmu28ygt%2BTEDDicZMqoiP5fRAkO6BzUTcigrZyaEW4tY8IZ6YfGWlkyuGLIGoqQLd9YrPTDFSd2aVRqU2KXTVfOfA6nuHDMHjBNm3AwmTTmeMMBKVu0swBWWEqYdA3%2FXEai5cVLX4Ea8kGs9J%2FE7YI4M%2F6IebuPVZ9NzC6kNDww%3D%3D","environmentVariables":{"FIREBASE_CONFIG":"{\"projectId\":\"aura-nails-kalendar\",\"databaseURL\":\"https://aura-nails-kalendar-default-rtdb.europe-west1.firebasedatabase.app\",\"storageBucket\":\"aura-nails-kalendar.firebasestorage.app\"}","GCLOUD_PROJECT":"aura-nails-kalendar","EVENTARC_CLOUD_EVENT_SOURCE":"projects/aura-nails-kalendar/locations/europe-west1/functions/sendEmailReminderManual"},"runtime":"nodejs20","buildEnvironmentVariables":{"GOOGLE_NODE_RUN_SCRIPTS":""},"sourceToken":"061062ae-b618-498d-b461-dcca36715075","dockerRegistry":"ARTIFACT_REGISTRY"},"versionId":"1","updateTime":"2026-08-25T10:47:05.588196575Z","sourceToken":"061062ae-b618-498d-b461-dcca36715075"}}
[debug] [2026-08-25T10:47:07.372Z] Got source token 061062ae-b618-498d-b461-dcca36715075 for region europe-west1
[debug] [2026-08-25T10:47:08.379Z] [create-default-europe-west1-sendEmailReminderManual] Retrying task index 0
[debug] [2026-08-25T10:47:08.380Z] Checked if tokens are valid: true, expires at: 1787657557902
[debug] [2026-08-25T10:47:08.380Z] Checked if tokens are valid: true, expires at: 1787657557902
[debug] [2026-08-25T10:47:08.380Z] >>> [apiv2][query] GET https://cloudfunctions.googleapis.com/v1/operations/cHJvamVjdHMvYXVyYS1uYWlscy1rYWxlbmRhci9sb2NhdGlvbnMvZXVyb3BlLXdlc3QxL29wZXJhdGlvbnMvb3BlcmF0aW9uLTE3ODc2NTQ4MjQ4ODEtNjU5ZGNkMmQxNmUzNi03ZTZmNjQyZC0yNDc1Y2JjZQ [none]
[debug] [2026-08-25T10:47:08.699Z] <<< [apiv2][status] GET https://cloudfunctions.googleapis.com/v1/operations/cHJvamVjdHMvYXVyYS1uYWlscy1rYWxlbmRhci9sb2NhdGlvbnMvZXVyb3BlLXdlc3QxL29wZXJhdGlvbnMvb3BlcmF0aW9uLTE3ODc2NTQ4MjQ4ODEtNjU5ZGNkMmQxNmUzNi03ZTZmNjQyZC0yNDc1Y2JjZQ 200
[debug] [2026-08-25T10:47:08.699Z] <<< [apiv2][body] GET https://cloudfunctions.googleapis.com/v1/operations/cHJvamVjdHMvYXVyYS1uYWlscy1rYWxlbmRhci9sb2NhdGlvbnMvZXVyb3BlLXdlc3QxL29wZXJhdGlvbnMvb3BlcmF0aW9uLTE3ODc2NTQ4MjQ4ODEtNjU5ZGNkMmQxNmUzNi03ZTZmNjQyZC0yNDc1Y2JjZQ {"name":"operations/cHJvamVjdHMvYXVyYS1uYWlscy1rYWxlbmRhci9sb2NhdGlvbnMvZXVyb3BlLXdlc3QxL29wZXJhdGlvbnMvb3BlcmF0aW9uLTE3ODc2NTQ4MjQ4ODEtNjU5ZGNkMmQxNmUzNi03ZTZmNjQyZC0yNDc1Y2JjZQ","metadata":{"@type":"type.googleapis.com/google.cloud.functions.v1.OperationMetadataV1","target":"projects/aura-nails-kalendar/locations/europe-west1/functions/sendEmailReminderManual","type":"CREATE_FUNCTION","request":{"@type":"type.googleapis.com/google.cloud.functions.v1.CloudFunction","name":"projects/aura-nails-kalendar/locations/europe-west1/functions/sendEmailReminderManual","httpsTrigger":{"securityLevel":"SECURE_ALWAYS"},"entryPoint":"sendEmailReminderManual","updateTime":"1970-01-01T00:00:00Z","labels":{"deployment-tool":"cli-firebase","firebase-functions-hash":"0c2d68fcd7bdfffde7c19304a670c670beb482d2"},"sourceUploadUrl":"https://storage.googleapis.com/uploads-426274606061.europe-west1.cloudfunctions.appspot.com/0d88ce68-9632-4523-b29e-dfd9ff18d6d8.zip?GoogleAccessId=service-45357190349@gcf-admin-robot.iam.gserviceaccount.com&Expires=1787656540&Signature=x2YgtE6ghKmlS6LHA5gA%2BXAUVjZCKM8RQrorxa5ZMJzGevk%2BePGWQr4%2FWoS25HQ3qo3xafnqFa8boOr%2BhjNgwCvWYVHgvGB6ug%2BFAqyzS4YiOaHCSs0z16Axf%2B8VAGsmIuzTi4Zk%2FhmLj1WdGx%2B%2BeIA6So3N%2BwX75vK735cAryWkmu28ygt%2BTEDDicZMqoiP5fRAkO6BzUTcigrZyaEW4tY8IZ6YfGWlkyuGLIGoqQLd9YrPTDFSd2aVRqU2KXTVfOfA6nuHDMHjBNm3AwmTTmeMMBKVu0swBWWEqYdA3%2FXEai5cVLX4Ea8kGs9J%2FE7YI4M%2F6IebuPVZ9NzC6kNDww%3D%3D","environmentVariables":{"FIREBASE_CONFIG":"{\"projectId\":\"aura-nails-kalendar\",\"databaseURL\":\"https://aura-nails-kalendar-default-rtdb.europe-west1.firebasedatabase.app\",\"storageBucket\":\"aura-nails-kalendar.firebasestorage.app\"}","GCLOUD_PROJECT":"aura-nails-kalendar","EVENTARC_CLOUD_EVENT_SOURCE":"projects/aura-nails-kalendar/locations/europe-west1/functions/sendEmailReminderManual"},"runtime":"nodejs20","buildEnvironmentVariables":{"GOOGLE_NODE_RUN_SCRIPTS":""},"sourceToken":"061062ae-b618-498d-b461-dcca36715075","dockerRegistry":"ARTIFACT_REGISTRY"},"versionId":"1","updateTime":"2026-08-25T10:47:05.588196575Z","sourceToken":"061062ae-b618-498d-b461-dcca36715075"}}
[debug] [2026-08-25T10:47:08.700Z] Got source token 061062ae-b618-498d-b461-dcca36715075 for region europe-west1
[debug] [2026-08-25T10:47:10.711Z] [create-default-europe-west1-sendEmailReminderManual] Retrying task index 0
[debug] [2026-08-25T10:47:10.713Z] Checked if tokens are valid: true, expires at: 1787657557902
[debug] [2026-08-25T10:47:10.713Z] Checked if tokens are valid: true, expires at: 1787657557902
[debug] [2026-08-25T10:47:10.713Z] >>> [apiv2][query] GET https://cloudfunctions.googleapis.com/v1/operations/cHJvamVjdHMvYXVyYS1uYWlscy1rYWxlbmRhci9sb2NhdGlvbnMvZXVyb3BlLXdlc3QxL29wZXJhdGlvbnMvb3BlcmF0aW9uLTE3ODc2NTQ4MjQ4ODEtNjU5ZGNkMmQxNmUzNi03ZTZmNjQyZC0yNDc1Y2JjZQ [none]
[debug] [2026-08-25T10:47:10.951Z] <<< [apiv2][status] GET https://cloudfunctions.googleapis.com/v1/operations/cHJvamVjdHMvYXVyYS1uYWlscy1rYWxlbmRhci9sb2NhdGlvbnMvZXVyb3BlLXdlc3QxL29wZXJhdGlvbnMvb3BlcmF0aW9uLTE3ODc2NTQ4MjQ4ODEtNjU5ZGNkMmQxNmUzNi03ZTZmNjQyZC0yNDc1Y2JjZQ 200
[debug] [2026-08-25T10:47:10.951Z] <<< [apiv2][body] GET https://cloudfunctions.googleapis.com/v1/operations/cHJvamVjdHMvYXVyYS1uYWlscy1rYWxlbmRhci9sb2NhdGlvbnMvZXVyb3BlLXdlc3QxL29wZXJhdGlvbnMvb3BlcmF0aW9uLTE3ODc2NTQ4MjQ4ODEtNjU5ZGNkMmQxNmUzNi03ZTZmNjQyZC0yNDc1Y2JjZQ {"name":"operations/cHJvamVjdHMvYXVyYS1uYWlscy1rYWxlbmRhci9sb2NhdGlvbnMvZXVyb3BlLXdlc3QxL29wZXJhdGlvbnMvb3BlcmF0aW9uLTE3ODc2NTQ4MjQ4ODEtNjU5ZGNkMmQxNmUzNi03ZTZmNjQyZC0yNDc1Y2JjZQ","metadata":{"@type":"type.googleapis.com/google.cloud.functions.v1.OperationMetadataV1","target":"projects/aura-nails-kalendar/locations/europe-west1/functions/sendEmailReminderManual","type":"CREATE_FUNCTION","request":{"@type":"type.googleapis.com/google.cloud.functions.v1.CloudFunction","name":"projects/aura-nails-kalendar/locations/europe-west1/functions/sendEmailReminderManual","httpsTrigger":{"securityLevel":"SECURE_ALWAYS"},"entryPoint":"sendEmailReminderManual","updateTime":"1970-01-01T00:00:00Z","labels":{"deployment-tool":"cli-firebase","firebase-functions-hash":"0c2d68fcd7bdfffde7c19304a670c670beb482d2"},"sourceUploadUrl":"https://storage.googleapis.com/uploads-426274606061.europe-west1.cloudfunctions.appspot.com/0d88ce68-9632-4523-b29e-dfd9ff18d6d8.zip?GoogleAccessId=service-45357190349@gcf-admin-robot.iam.gserviceaccount.com&Expires=1787656540&Signature=x2YgtE6ghKmlS6LHA5gA%2BXAUVjZCKM8RQrorxa5ZMJzGevk%2BePGWQr4%2FWoS25HQ3qo3xafnqFa8boOr%2BhjNgwCvWYVHgvGB6ug%2BFAqyzS4YiOaHCSs0z16Axf%2B8VAGsmIuzTi4Zk%2FhmLj1WdGx%2B%2BeIA6So3N%2BwX75vK735cAryWkmu28ygt%2BTEDDicZMqoiP5fRAkO6BzUTcigrZyaEW4tY8IZ6YfGWlkyuGLIGoqQLd9YrPTDFSd2aVRqU2KXTVfOfA6nuHDMHjBNm3AwmTTmeMMBKVu0swBWWEqYdA3%2FXEai5cVLX4Ea8kGs9J%2FE7YI4M%2F6IebuPVZ9NzC6kNDww%3D%3D","environmentVariables":{"FIREBASE_CONFIG":"{\"projectId\":\"aura-nails-kalendar\",\"databaseURL\":\"https://aura-nails-kalendar-default-rtdb.europe-west1.firebasedatabase.app\",\"storageBucket\":\"aura-nails-kalendar.firebasestorage.app\"}","GCLOUD_PROJECT":"aura-nails-kalendar","EVENTARC_CLOUD_EVENT_SOURCE":"projects/aura-nails-kalendar/locations/europe-west1/functions/sendEmailReminderManual"},"runtime":"nodejs20","buildEnvironmentVariables":{"GOOGLE_NODE_RUN_SCRIPTS":""},"sourceToken":"061062ae-b618-498d-b461-dcca36715075","dockerRegistry":"ARTIFACT_REGISTRY"},"versionId":"1","updateTime":"2026-08-25T10:47:05.588196575Z","buildId":"d7280b8d-b595-4de8-b3a7-817ee1648d10","sourceToken":"061062ae-b618-498d-b461-dcca36715075","buildName":"projects/45357190349/locations/europe-west1/builds/d7280b8d-b595-4de8-b3a7-817ee1648d10"}}
[debug] [2026-08-25T10:47:10.951Z] Got source token 061062ae-b618-498d-b461-dcca36715075 for region europe-west1
[debug] [2026-08-25T10:47:14.953Z] [create-default-europe-west1-sendEmailReminderManual] Retrying task index 0
[debug] [2026-08-25T10:47:14.954Z] Checked if tokens are valid: true, expires at: 1787657557902
[debug] [2026-08-25T10:47:14.954Z] Checked if tokens are valid: true, expires at: 1787657557902
[debug] [2026-08-25T10:47:14.954Z] >>> [apiv2][query] GET https://cloudfunctions.googleapis.com/v1/operations/cHJvamVjdHMvYXVyYS1uYWlscy1rYWxlbmRhci9sb2NhdGlvbnMvZXVyb3BlLXdlc3QxL29wZXJhdGlvbnMvb3BlcmF0aW9uLTE3ODc2NTQ4MjQ4ODEtNjU5ZGNkMmQxNmUzNi03ZTZmNjQyZC0yNDc1Y2JjZQ [none]
[debug] [2026-08-25T10:47:15.354Z] [create-default-europe-west1-sendEmailReminder] Retrying task index 0
[debug] [2026-08-25T10:47:15.354Z] Checked if tokens are valid: true, expires at: 1787657557902
[debug] [2026-08-25T10:47:15.354Z] Checked if tokens are valid: true, expires at: 1787657557902
[debug] [2026-08-25T10:47:15.355Z] >>> [apiv2][query] GET https://cloudfunctions.googleapis.com/v1/operations/cHJvamVjdHMvYXVyYS1uYWlscy1rYWxlbmRhci9sb2NhdGlvbnMvZXVyb3BlLXdlc3QxL29wZXJhdGlvbnMvb3BlcmF0aW9uLTE3ODc2NTQ3NTI4ODItNjU5ZGNjZTg2Y2VhYS02ZjFmOTcyYi1lYTBlZjdmNg [none]
[debug] [2026-08-25T10:47:15.564Z] <<< [apiv2][status] GET https://cloudfunctions.googleapis.com/v1/operations/cHJvamVjdHMvYXVyYS1uYWlscy1rYWxlbmRhci9sb2NhdGlvbnMvZXVyb3BlLXdlc3QxL29wZXJhdGlvbnMvb3BlcmF0aW9uLTE3ODc2NTQ4MjQ4ODEtNjU5ZGNkMmQxNmUzNi03ZTZmNjQyZC0yNDc1Y2JjZQ 200
[debug] [2026-08-25T10:47:15.564Z] <<< [apiv2][body] GET https://cloudfunctions.googleapis.com/v1/operations/cHJvamVjdHMvYXVyYS1uYWlscy1rYWxlbmRhci9sb2NhdGlvbnMvZXVyb3BlLXdlc3QxL29wZXJhdGlvbnMvb3BlcmF0aW9uLTE3ODc2NTQ4MjQ4ODEtNjU5ZGNkMmQxNmUzNi03ZTZmNjQyZC0yNDc1Y2JjZQ {"name":"operations/cHJvamVjdHMvYXVyYS1uYWlscy1rYWxlbmRhci9sb2NhdGlvbnMvZXVyb3BlLXdlc3QxL29wZXJhdGlvbnMvb3BlcmF0aW9uLTE3ODc2NTQ4MjQ4ODEtNjU5ZGNkMmQxNmUzNi03ZTZmNjQyZC0yNDc1Y2JjZQ","metadata":{"@type":"type.googleapis.com/google.cloud.functions.v1.OperationMetadataV1","target":"projects/aura-nails-kalendar/locations/europe-west1/functions/sendEmailReminderManual","type":"CREATE_FUNCTION","request":{"@type":"type.googleapis.com/google.cloud.functions.v1.CloudFunction","name":"projects/aura-nails-kalendar/locations/europe-west1/functions/sendEmailReminderManual","httpsTrigger":{"securityLevel":"SECURE_ALWAYS"},"entryPoint":"sendEmailReminderManual","updateTime":"1970-01-01T00:00:00Z","labels":{"deployment-tool":"cli-firebase","firebase-functions-hash":"0c2d68fcd7bdfffde7c19304a670c670beb482d2"},"sourceUploadUrl":"https://storage.googleapis.com/uploads-426274606061.europe-west1.cloudfunctions.appspot.com/0d88ce68-9632-4523-b29e-dfd9ff18d6d8.zip?GoogleAccessId=service-45357190349@gcf-admin-robot.iam.gserviceaccount.com&Expires=1787656540&Signature=x2YgtE6ghKmlS6LHA5gA%2BXAUVjZCKM8RQrorxa5ZMJzGevk%2BePGWQr4%2FWoS25HQ3qo3xafnqFa8boOr%2BhjNgwCvWYVHgvGB6ug%2BFAqyzS4YiOaHCSs0z16Axf%2B8VAGsmIuzTi4Zk%2FhmLj1WdGx%2B%2BeIA6So3N%2BwX75vK735cAryWkmu28ygt%2BTEDDicZMqoiP5fRAkO6BzUTcigrZyaEW4tY8IZ6YfGWlkyuGLIGoqQLd9YrPTDFSd2aVRqU2KXTVfOfA6nuHDMHjBNm3AwmTTmeMMBKVu0swBWWEqYdA3%2FXEai5cVLX4Ea8kGs9J%2FE7YI4M%2F6IebuPVZ9NzC6kNDww%3D%3D","environmentVariables":{"FIREBASE_CONFIG":"{\"projectId\":\"aura-nails-kalendar\",\"databaseURL\":\"https://aura-nails-kalendar-default-rtdb.europe-west1.firebasedatabase.app\",\"storageBucket\":\"aura-nails-kalendar.firebasestorage.app\"}","GCLOUD_PROJECT":"aura-nails-kalendar","EVENTARC_CLOUD_EVENT_SOURCE":"projects/aura-nails-kalendar/locations/europe-west1/functions/sendEmailReminderManual"},"runtime":"nodejs20","buildEnvironmentVariables":{"GOOGLE_NODE_RUN_SCRIPTS":""},"sourceToken":"061062ae-b618-498d-b461-dcca36715075","dockerRegistry":"ARTIFACT_REGISTRY"},"versionId":"1","updateTime":"2026-08-25T10:47:05.588196575Z","buildId":"d7280b8d-b595-4de8-b3a7-817ee1648d10","sourceToken":"061062ae-b618-498d-b461-dcca36715075","buildName":"projects/45357190349/locations/europe-west1/builds/d7280b8d-b595-4de8-b3a7-817ee1648d10"}}
[debug] [2026-08-25T10:47:15.564Z] Got source token 061062ae-b618-498d-b461-dcca36715075 for region europe-west1
[debug] [2026-08-25T10:47:15.769Z] <<< [apiv2][status] GET https://cloudfunctions.googleapis.com/v1/operations/cHJvamVjdHMvYXVyYS1uYWlscy1rYWxlbmRhci9sb2NhdGlvbnMvZXVyb3BlLXdlc3QxL29wZXJhdGlvbnMvb3BlcmF0aW9uLTE3ODc2NTQ3NTI4ODItNjU5ZGNjZTg2Y2VhYS02ZjFmOTcyYi1lYTBlZjdmNg 200
[debug] [2026-08-25T10:47:15.769Z] <<< [apiv2][body] GET https://cloudfunctions.googleapis.com/v1/operations/cHJvamVjdHMvYXVyYS1uYWlscy1rYWxlbmRhci9sb2NhdGlvbnMvZXVyb3BlLXdlc3QxL29wZXJhdGlvbnMvb3BlcmF0aW9uLTE3ODc2NTQ3NTI4ODItNjU5ZGNjZTg2Y2VhYS02ZjFmOTcyYi1lYTBlZjdmNg {"name":"operations/cHJvamVjdHMvYXVyYS1uYWlscy1rYWxlbmRhci9sb2NhdGlvbnMvZXVyb3BlLXdlc3QxL29wZXJhdGlvbnMvb3BlcmF0aW9uLTE3ODc2NTQ3NTI4ODItNjU5ZGNjZTg2Y2VhYS02ZjFmOTcyYi1lYTBlZjdmNg","metadata":{"@type":"type.googleapis.com/google.cloud.functions.v1.OperationMetadataV1","target":"projects/aura-nails-kalendar/locations/europe-west1/functions/sendEmailReminder","type":"CREATE_FUNCTION","request":{"@type":"type.googleapis.com/google.cloud.functions.v1.CloudFunction","name":"projects/aura-nails-kalendar/locations/europe-west1/functions/sendEmailReminder","eventTrigger":{"eventType":"google.pubsub.topic.publish","resource":"projects/aura-nails-kalendar/topics/firebase-schedule-sendEmailReminder-europe-west1","failurePolicy":{}},"entryPoint":"sendEmailReminder","updateTime":"1970-01-01T00:00:00Z","labels":{"deployment-tool":"cli-firebase","deployment-scheduled":"true","firebase-functions-hash":"0c2d68fcd7bdfffde7c19304a670c670beb482d2"},"sourceUploadUrl":"https://storage.googleapis.com/uploads-426274606061.europe-west1.cloudfunctions.appspot.com/0d88ce68-9632-4523-b29e-dfd9ff18d6d8.zip?GoogleAccessId=service-45357190349@gcf-admin-robot.iam.gserviceaccount.com&Expires=1787656540&Signature=x2YgtE6ghKmlS6LHA5gA%2BXAUVjZCKM8RQrorxa5ZMJzGevk%2BePGWQr4%2FWoS25HQ3qo3xafnqFa8boOr%2BhjNgwCvWYVHgvGB6ug%2BFAqyzS4YiOaHCSs0z16Axf%2B8VAGsmIuzTi4Zk%2FhmLj1WdGx%2B%2BeIA6So3N%2BwX75vK735cAryWkmu28ygt%2BTEDDicZMqoiP5fRAkO6BzUTcigrZyaEW4tY8IZ6YfGWlkyuGLIGoqQLd9YrPTDFSd2aVRqU2KXTVfOfA6nuHDMHjBNm3AwmTTmeMMBKVu0swBWWEqYdA3%2FXEai5cVLX4Ea8kGs9J%2FE7YI4M%2F6IebuPVZ9NzC6kNDww%3D%3D","environmentVariables":{"FIREBASE_CONFIG":"{\"projectId\":\"aura-nails-kalendar\",\"databaseURL\":\"https://aura-nails-kalendar-default-rtdb.europe-west1.firebasedatabase.app\",\"storageBucket\":\"aura-nails-kalendar.firebasestorage.app\"}","GCLOUD_PROJECT":"aura-nails-kalendar","EVENTARC_CLOUD_EVENT_SOURCE":"projects/aura-nails-kalendar/locations/europe-west1/functions/sendEmailReminder"},"runtime":"nodejs20","buildEnvironmentVariables":{"GOOGLE_NODE_RUN_SCRIPTS":""},"dockerRegistry":"ARTIFACT_REGISTRY"},"versionId":"1","updateTime":"2026-08-25T10:45:54.028757093Z","buildId":"d7280b8d-b595-4de8-b3a7-817ee1648d10","sourceToken":"061062ae-b618-498d-b461-dcca36715075","buildName":"projects/45357190349/locations/europe-west1/builds/d7280b8d-b595-4de8-b3a7-817ee1648d10"}}
[debug] [2026-08-25T10:47:15.770Z] Got source token 061062ae-b618-498d-b461-dcca36715075 for region europe-west1
[debug] [2026-08-25T10:47:23.580Z] [create-default-europe-west1-sendEmailReminderManual] Retrying task index 0
[debug] [2026-08-25T10:47:23.581Z] Checked if tokens are valid: true, expires at: 1787657557902
[debug] [2026-08-25T10:47:23.581Z] Checked if tokens are valid: true, expires at: 1787657557902
[debug] [2026-08-25T10:47:23.581Z] >>> [apiv2][query] GET https://cloudfunctions.googleapis.com/v1/operations/cHJvamVjdHMvYXVyYS1uYWlscy1rYWxlbmRhci9sb2NhdGlvbnMvZXVyb3BlLXdlc3QxL29wZXJhdGlvbnMvb3BlcmF0aW9uLTE3ODc2NTQ4MjQ4ODEtNjU5ZGNkMmQxNmUzNi03ZTZmNjQyZC0yNDc1Y2JjZQ [none]
[debug] [2026-08-25T10:47:24.064Z] <<< [apiv2][status] GET https://cloudfunctions.googleapis.com/v1/operations/cHJvamVjdHMvYXVyYS1uYWlscy1rYWxlbmRhci9sb2NhdGlvbnMvZXVyb3BlLXdlc3QxL29wZXJhdGlvbnMvb3BlcmF0aW9uLTE3ODc2NTQ4MjQ4ODEtNjU5ZGNkMmQxNmUzNi03ZTZmNjQyZC0yNDc1Y2JjZQ 200
[debug] [2026-08-25T10:47:24.065Z] <<< [apiv2][body] GET https://cloudfunctions.googleapis.com/v1/operations/cHJvamVjdHMvYXVyYS1uYWlscy1rYWxlbmRhci9sb2NhdGlvbnMvZXVyb3BlLXdlc3QxL29wZXJhdGlvbnMvb3BlcmF0aW9uLTE3ODc2NTQ4MjQ4ODEtNjU5ZGNkMmQxNmUzNi03ZTZmNjQyZC0yNDc1Y2JjZQ {"name":"operations/cHJvamVjdHMvYXVyYS1uYWlscy1rYWxlbmRhci9sb2NhdGlvbnMvZXVyb3BlLXdlc3QxL29wZXJhdGlvbnMvb3BlcmF0aW9uLTE3ODc2NTQ4MjQ4ODEtNjU5ZGNkMmQxNmUzNi03ZTZmNjQyZC0yNDc1Y2JjZQ","metadata":{"@type":"type.googleapis.com/google.cloud.functions.v1.OperationMetadataV1","target":"projects/aura-nails-kalendar/locations/europe-west1/functions/sendEmailReminderManual","type":"CREATE_FUNCTION","request":{"@type":"type.googleapis.com/google.cloud.functions.v1.CloudFunction","name":"projects/aura-nails-kalendar/locations/europe-west1/functions/sendEmailReminderManual","httpsTrigger":{"securityLevel":"SECURE_ALWAYS"},"entryPoint":"sendEmailReminderManual","updateTime":"1970-01-01T00:00:00Z","labels":{"deployment-tool":"cli-firebase","firebase-functions-hash":"0c2d68fcd7bdfffde7c19304a670c670beb482d2"},"sourceUploadUrl":"https://storage.googleapis.com/uploads-426274606061.europe-west1.cloudfunctions.appspot.com/0d88ce68-9632-4523-b29e-dfd9ff18d6d8.zip?GoogleAccessId=service-45357190349@gcf-admin-robot.iam.gserviceaccount.com&Expires=1787656540&Signature=x2YgtE6ghKmlS6LHA5gA%2BXAUVjZCKM8RQrorxa5ZMJzGevk%2BePGWQr4%2FWoS25HQ3qo3xafnqFa8boOr%2BhjNgwCvWYVHgvGB6ug%2BFAqyzS4YiOaHCSs0z16Axf%2B8VAGsmIuzTi4Zk%2FhmLj1WdGx%2B%2BeIA6So3N%2BwX75vK735cAryWkmu28ygt%2BTEDDicZMqoiP5fRAkO6BzUTcigrZyaEW4tY8IZ6YfGWlkyuGLIGoqQLd9YrPTDFSd2aVRqU2KXTVfOfA6nuHDMHjBNm3AwmTTmeMMBKVu0swBWWEqYdA3%2FXEai5cVLX4Ea8kGs9J%2FE7YI4M%2F6IebuPVZ9NzC6kNDww%3D%3D","environmentVariables":{"FIREBASE_CONFIG":"{\"projectId\":\"aura-nails-kalendar\",\"databaseURL\":\"https://aura-nails-kalendar-default-rtdb.europe-west1.firebasedatabase.app\",\"storageBucket\":\"aura-nails-kalendar.firebasestorage.app\"}","GCLOUD_PROJECT":"aura-nails-kalendar","EVENTARC_CLOUD_EVENT_SOURCE":"projects/aura-nails-kalendar/locations/europe-west1/functions/sendEmailReminderManual"},"runtime":"nodejs20","buildEnvironmentVariables":{"GOOGLE_NODE_RUN_SCRIPTS":""},"sourceToken":"061062ae-b618-498d-b461-dcca36715075","dockerRegistry":"ARTIFACT_REGISTRY"},"versionId":"1","updateTime":"2026-08-25T10:47:05.588196575Z","buildId":"d7280b8d-b595-4de8-b3a7-817ee1648d10","sourceToken":"061062ae-b618-498d-b461-dcca36715075","buildName":"projects/45357190349/locations/europe-west1/builds/d7280b8d-b595-4de8-b3a7-817ee1648d10"}}
[debug] [2026-08-25T10:47:24.065Z] Got source token 061062ae-b618-498d-b461-dcca36715075 for region europe-west1
[debug] [2026-08-25T10:47:25.773Z] [create-default-europe-west1-sendEmailReminder] Retrying task index 0
[debug] [2026-08-25T10:47:25.776Z] Checked if tokens are valid: true, expires at: 1787657557902
[debug] [2026-08-25T10:47:25.780Z] Checked if tokens are valid: true, expires at: 1787657557902
[debug] [2026-08-25T10:47:25.781Z] >>> [apiv2][query] GET https://cloudfunctions.googleapis.com/v1/operations/cHJvamVjdHMvYXVyYS1uYWlscy1rYWxlbmRhci9sb2NhdGlvbnMvZXVyb3BlLXdlc3QxL29wZXJhdGlvbnMvb3BlcmF0aW9uLTE3ODc2NTQ3NTI4ODItNjU5ZGNjZTg2Y2VhYS02ZjFmOTcyYi1lYTBlZjdmNg [none]
[debug] [2026-08-25T10:47:26.108Z] <<< [apiv2][status] GET https://cloudfunctions.googleapis.com/v1/operations/cHJvamVjdHMvYXVyYS1uYWlscy1rYWxlbmRhci9sb2NhdGlvbnMvZXVyb3BlLXdlc3QxL29wZXJhdGlvbnMvb3BlcmF0aW9uLTE3ODc2NTQ3NTI4ODItNjU5ZGNjZTg2Y2VhYS02ZjFmOTcyYi1lYTBlZjdmNg 200
[debug] [2026-08-25T10:47:26.109Z] <<< [apiv2][body] GET https://cloudfunctions.googleapis.com/v1/operations/cHJvamVjdHMvYXVyYS1uYWlscy1rYWxlbmRhci9sb2NhdGlvbnMvZXVyb3BlLXdlc3QxL29wZXJhdGlvbnMvb3BlcmF0aW9uLTE3ODc2NTQ3NTI4ODItNjU5ZGNjZTg2Y2VhYS02ZjFmOTcyYi1lYTBlZjdmNg {"name":"operations/cHJvamVjdHMvYXVyYS1uYWlscy1rYWxlbmRhci9sb2NhdGlvbnMvZXVyb3BlLXdlc3QxL29wZXJhdGlvbnMvb3BlcmF0aW9uLTE3ODc2NTQ3NTI4ODItNjU5ZGNjZTg2Y2VhYS02ZjFmOTcyYi1lYTBlZjdmNg","metadata":{"@type":"type.googleapis.com/google.cloud.functions.v1.OperationMetadataV1","target":"projects/aura-nails-kalendar/locations/europe-west1/functions/sendEmailReminder","type":"CREATE_FUNCTION","request":{"@type":"type.googleapis.com/google.cloud.functions.v1.CloudFunction","name":"projects/aura-nails-kalendar/locations/europe-west1/functions/sendEmailReminder","eventTrigger":{"eventType":"google.pubsub.topic.publish","resource":"projects/aura-nails-kalendar/topics/firebase-schedule-sendEmailReminder-europe-west1","failurePolicy":{}},"entryPoint":"sendEmailReminder","updateTime":"1970-01-01T00:00:00Z","labels":{"deployment-tool":"cli-firebase","deployment-scheduled":"true","firebase-functions-hash":"0c2d68fcd7bdfffde7c19304a670c670beb482d2"},"sourceUploadUrl":"https://storage.googleapis.com/uploads-426274606061.europe-west1.cloudfunctions.appspot.com/0d88ce68-9632-4523-b29e-dfd9ff18d6d8.zip?GoogleAccessId=service-45357190349@gcf-admin-robot.iam.gserviceaccount.com&Expires=1787656540&Signature=x2YgtE6ghKmlS6LHA5gA%2BXAUVjZCKM8RQrorxa5ZMJzGevk%2BePGWQr4%2FWoS25HQ3qo3xafnqFa8boOr%2BhjNgwCvWYVHgvGB6ug%2BFAqyzS4YiOaHCSs0z16Axf%2B8VAGsmIuzTi4Zk%2FhmLj1WdGx%2B%2BeIA6So3N%2BwX75vK735cAryWkmu28ygt%2BTEDDicZMqoiP5fRAkO6BzUTcigrZyaEW4tY8IZ6YfGWlkyuGLIGoqQLd9YrPTDFSd2aVRqU2KXTVfOfA6nuHDMHjBNm3AwmTTmeMMBKVu0swBWWEqYdA3%2FXEai5cVLX4Ea8kGs9J%2FE7YI4M%2F6IebuPVZ9NzC6kNDww%3D%3D","environmentVariables":{"FIREBASE_CONFIG":"{\"projectId\":\"aura-nails-kalendar\",\"databaseURL\":\"https://aura-nails-kalendar-default-rtdb.europe-west1.firebasedatabase.app\",\"storageBucket\":\"aura-nails-kalendar.firebasestorage.app\"}","GCLOUD_PROJECT":"aura-nails-kalendar","EVENTARC_CLOUD_EVENT_SOURCE":"projects/aura-nails-kalendar/locations/europe-west1/functions/sendEmailReminder"},"runtime":"nodejs20","buildEnvironmentVariables":{"GOOGLE_NODE_RUN_SCRIPTS":""},"dockerRegistry":"ARTIFACT_REGISTRY"},"versionId":"1","updateTime":"2026-08-25T10:45:54.028757093Z","buildId":"d7280b8d-b595-4de8-b3a7-817ee1648d10","sourceToken":"061062ae-b618-498d-b461-dcca36715075","buildName":"projects/45357190349/locations/europe-west1/builds/d7280b8d-b595-4de8-b3a7-817ee1648d10"}}
[debug] [2026-08-25T10:47:26.109Z] Got source token 061062ae-b618-498d-b461-dcca36715075 for region europe-west1
[debug] [2026-08-25T10:47:34.075Z] [create-default-europe-west1-sendEmailReminderManual] Retrying task index 0
[debug] [2026-08-25T10:47:34.075Z] Checked if tokens are valid: true, expires at: 1787657557902
[debug] [2026-08-25T10:47:34.075Z] Checked if tokens are valid: true, expires at: 1787657557902
[debug] [2026-08-25T10:47:34.076Z] >>> [apiv2][query] GET https://cloudfunctions.googleapis.com/v1/operations/cHJvamVjdHMvYXVyYS1uYWlscy1rYWxlbmRhci9sb2NhdGlvbnMvZXVyb3BlLXdlc3QxL29wZXJhdGlvbnMvb3BlcmF0aW9uLTE3ODc2NTQ4MjQ4ODEtNjU5ZGNkMmQxNmUzNi03ZTZmNjQyZC0yNDc1Y2JjZQ [none]
[debug] [2026-08-25T10:47:34.608Z] <<< [apiv2][status] GET https://cloudfunctions.googleapis.com/v1/operations/cHJvamVjdHMvYXVyYS1uYWlscy1rYWxlbmRhci9sb2NhdGlvbnMvZXVyb3BlLXdlc3QxL29wZXJhdGlvbnMvb3BlcmF0aW9uLTE3ODc2NTQ4MjQ4ODEtNjU5ZGNkMmQxNmUzNi03ZTZmNjQyZC0yNDc1Y2JjZQ 200
[debug] [2026-08-25T10:47:34.608Z] <<< [apiv2][body] GET https://cloudfunctions.googleapis.com/v1/operations/cHJvamVjdHMvYXVyYS1uYWlscy1rYWxlbmRhci9sb2NhdGlvbnMvZXVyb3BlLXdlc3QxL29wZXJhdGlvbnMvb3BlcmF0aW9uLTE3ODc2NTQ4MjQ4ODEtNjU5ZGNkMmQxNmUzNi03ZTZmNjQyZC0yNDc1Y2JjZQ {"name":"operations/cHJvamVjdHMvYXVyYS1uYWlscy1rYWxlbmRhci9sb2NhdGlvbnMvZXVyb3BlLXdlc3QxL29wZXJhdGlvbnMvb3BlcmF0aW9uLTE3ODc2NTQ4MjQ4ODEtNjU5ZGNkMmQxNmUzNi03ZTZmNjQyZC0yNDc1Y2JjZQ","metadata":{"@type":"type.googleapis.com/google.cloud.functions.v1.OperationMetadataV1","target":"projects/aura-nails-kalendar/locations/europe-west1/functions/sendEmailReminderManual","type":"CREATE_FUNCTION","request":{"@type":"type.googleapis.com/google.cloud.functions.v1.CloudFunction","name":"projects/aura-nails-kalendar/locations/europe-west1/functions/sendEmailReminderManual","httpsTrigger":{"securityLevel":"SECURE_ALWAYS"},"entryPoint":"sendEmailReminderManual","updateTime":"1970-01-01T00:00:00Z","labels":{"deployment-tool":"cli-firebase","firebase-functions-hash":"0c2d68fcd7bdfffde7c19304a670c670beb482d2"},"sourceUploadUrl":"https://storage.googleapis.com/uploads-426274606061.europe-west1.cloudfunctions.appspot.com/0d88ce68-9632-4523-b29e-dfd9ff18d6d8.zip?GoogleAccessId=service-45357190349@gcf-admin-robot.iam.gserviceaccount.com&Expires=1787656540&Signature=x2YgtE6ghKmlS6LHA5gA%2BXAUVjZCKM8RQrorxa5ZMJzGevk%2BePGWQr4%2FWoS25HQ3qo3xafnqFa8boOr%2BhjNgwCvWYVHgvGB6ug%2BFAqyzS4YiOaHCSs0z16Axf%2B8VAGsmIuzTi4Zk%2FhmLj1WdGx%2B%2BeIA6So3N%2BwX75vK735cAryWkmu28ygt%2BTEDDicZMqoiP5fRAkO6BzUTcigrZyaEW4tY8IZ6YfGWlkyuGLIGoqQLd9YrPTDFSd2aVRqU2KXTVfOfA6nuHDMHjBNm3AwmTTmeMMBKVu0swBWWEqYdA3%2FXEai5cVLX4Ea8kGs9J%2FE7YI4M%2F6IebuPVZ9NzC6kNDww%3D%3D","environmentVariables":{"FIREBASE_CONFIG":"{\"projectId\":\"aura-nails-kalendar\",\"databaseURL\":\"https://aura-nails-kalendar-default-rtdb.europe-west1.firebasedatabase.app\",\"storageBucket\":\"aura-nails-kalendar.firebasestorage.app\"}","GCLOUD_PROJECT":"aura-nails-kalendar","EVENTARC_CLOUD_EVENT_SOURCE":"projects/aura-nails-kalendar/locations/europe-west1/functions/sendEmailReminderManual"},"runtime":"nodejs20","buildEnvironmentVariables":{"GOOGLE_NODE_RUN_SCRIPTS":""},"sourceToken":"061062ae-b618-498d-b461-dcca36715075","dockerRegistry":"ARTIFACT_REGISTRY"},"versionId":"1","updateTime":"2026-08-25T10:47:26.161058198Z","buildId":"d7280b8d-b595-4de8-b3a7-817ee1648d10","sourceToken":"061062ae-b618-498d-b461-dcca36715075","buildName":"projects/45357190349/locations/europe-west1/builds/d7280b8d-b595-4de8-b3a7-817ee1648d10"},"done":true,"response":{"@type":"type.googleapis.com/google.cloud.functions.v1.CloudFunction","name":"projects/aura-nails-kalendar/locations/europe-west1/functions/sendEmailReminderManual","httpsTrigger":{"url":"https://europe-west1-aura-nails-kalendar.cloudfunctions.net/sendEmailReminderManual","securityLevel":"SECURE_ALWAYS"},"status":"ACTIVE","entryPoint":"sendEmailReminderManual","timeout":"60s","availableMemoryMb":256,"serviceAccountEmail":"aura-nails-kalendar@appspot.gserviceaccount.com","updateTime":"2026-08-25T10:47:05.584592144Z","versionId":"1","labels":{"firebase-functions-hash":"0c2d68fcd7bdfffde7c19304a670c670beb482d2","deployment-tool":"cli-firebase"},"sourceUploadUrl":"https://storage.googleapis.com/uploads-426274606061.europe-west1.cloudfunctions.appspot.com/0d88ce68-9632-4523-b29e-dfd9ff18d6d8.zip","environmentVariables":{"FIREBASE_CONFIG":"{\"projectId\":\"aura-nails-kalendar\",\"databaseURL\":\"https://aura-nails-kalendar-default-rtdb.europe-west1.firebasedatabase.app\",\"storageBucket\":\"aura-nails-kalendar.firebasestorage.app\"}","GCLOUD_PROJECT":"aura-nails-kalendar","EVENTARC_CLOUD_EVENT_SOURCE":"projects/aura-nails-kalendar/locations/europe-west1/functions/sendEmailReminderManual"},"runtime":"nodejs20","ingressSettings":"ALLOW_ALL","buildId":"d7280b8d-b595-4de8-b3a7-817ee1648d10","buildEnvironmentVariables":{"GOOGLE_NODE_RUN_SCRIPTS":""},"buildName":"projects/45357190349/locations/europe-west1/builds/d7280b8d-b595-4de8-b3a7-817ee1648d10","dockerRegistry":"ARTIFACT_REGISTRY","automaticUpdatePolicy":{},"buildServiceAccount":"projects/aura-nails-kalendar/serviceAccounts/45357190349-compute@developer.gserviceaccount.com","satisfiesPzi":true}}
[debug] [2026-08-25T10:47:34.609Z] Got source token 061062ae-b618-498d-b461-dcca36715075 for region europe-west1
[debug] [2026-08-25T10:47:34.610Z] Checked if tokens are valid: true, expires at: 1787657557902
[debug] [2026-08-25T10:47:34.610Z] Checked if tokens are valid: true, expires at: 1787657557902
[debug] [2026-08-25T10:47:34.610Z] >>> [apiv2][query] POST https://cloudfunctions.googleapis.com/v1/projects/aura-nails-kalendar/locations/europe-west1/functions/sendEmailReminderManual:setIamPolicy [none]
[debug] [2026-08-25T10:47:34.610Z] >>> [apiv2][body] POST https://cloudfunctions.googleapis.com/v1/projects/aura-nails-kalendar/locations/europe-west1/functions/sendEmailReminderManual:setIamPolicy {"policy":{"bindings":[{"role":"roles/cloudfunctions.invoker","members":["allUsers"]}],"etag":"","version":3},"updateMask":"bindings,etag,version"}
[debug] [2026-08-25T10:47:35.286Z] <<< [apiv2][status] POST https://cloudfunctions.googleapis.com/v1/projects/aura-nails-kalendar/locations/europe-west1/functions/sendEmailReminderManual:setIamPolicy 200
[debug] [2026-08-25T10:47:35.286Z] <<< [apiv2][body] POST https://cloudfunctions.googleapis.com/v1/projects/aura-nails-kalendar/locations/europe-west1/functions/sendEmailReminderManual:setIamPolicy {"version":1,"etag":"BwZZ3NSV2zc=","bindings":[{"role":"roles/cloudfunctions.invoker","members":["allUsers"]}]}
[info] +  functions[sendEmailReminderManual(europe-west1)] Successful create operation. 
[debug] [2026-08-25T10:47:36.114Z] [create-default-europe-west1-sendEmailReminder] Retrying task index 0
[debug] [2026-08-25T10:47:36.115Z] Checked if tokens are valid: true, expires at: 1787657557902
[debug] [2026-08-25T10:47:36.115Z] Checked if tokens are valid: true, expires at: 1787657557902
[debug] [2026-08-25T10:47:36.115Z] >>> [apiv2][query] GET https://cloudfunctions.googleapis.com/v1/operations/cHJvamVjdHMvYXVyYS1uYWlscy1rYWxlbmRhci9sb2NhdGlvbnMvZXVyb3BlLXdlc3QxL29wZXJhdGlvbnMvb3BlcmF0aW9uLTE3ODc2NTQ3NTI4ODItNjU5ZGNjZTg2Y2VhYS02ZjFmOTcyYi1lYTBlZjdmNg [none]
[debug] [2026-08-25T10:47:36.350Z] <<< [apiv2][status] GET https://cloudfunctions.googleapis.com/v1/operations/cHJvamVjdHMvYXVyYS1uYWlscy1rYWxlbmRhci9sb2NhdGlvbnMvZXVyb3BlLXdlc3QxL29wZXJhdGlvbnMvb3BlcmF0aW9uLTE3ODc2NTQ3NTI4ODItNjU5ZGNjZTg2Y2VhYS02ZjFmOTcyYi1lYTBlZjdmNg 200
[debug] [2026-08-25T10:47:36.351Z] <<< [apiv2][body] GET https://cloudfunctions.googleapis.com/v1/operations/cHJvamVjdHMvYXVyYS1uYWlscy1rYWxlbmRhci9sb2NhdGlvbnMvZXVyb3BlLXdlc3QxL29wZXJhdGlvbnMvb3BlcmF0aW9uLTE3ODc2NTQ3NTI4ODItNjU5ZGNjZTg2Y2VhYS02ZjFmOTcyYi1lYTBlZjdmNg {"name":"operations/cHJvamVjdHMvYXVyYS1uYWlscy1rYWxlbmRhci9sb2NhdGlvbnMvZXVyb3BlLXdlc3QxL29wZXJhdGlvbnMvb3BlcmF0aW9uLTE3ODc2NTQ3NTI4ODItNjU5ZGNjZTg2Y2VhYS02ZjFmOTcyYi1lYTBlZjdmNg","metadata":{"@type":"type.googleapis.com/google.cloud.functions.v1.OperationMetadataV1","target":"projects/aura-nails-kalendar/locations/europe-west1/functions/sendEmailReminder","type":"CREATE_FUNCTION","request":{"@type":"type.googleapis.com/google.cloud.functions.v1.CloudFunction","name":"projects/aura-nails-kalendar/locations/europe-west1/functions/sendEmailReminder","eventTrigger":{"eventType":"google.pubsub.topic.publish","resource":"projects/aura-nails-kalendar/topics/firebase-schedule-sendEmailReminder-europe-west1","failurePolicy":{}},"entryPoint":"sendEmailReminder","updateTime":"1970-01-01T00:00:00Z","labels":{"deployment-tool":"cli-firebase","deployment-scheduled":"true","firebase-functions-hash":"0c2d68fcd7bdfffde7c19304a670c670beb482d2"},"sourceUploadUrl":"https://storage.googleapis.com/uploads-426274606061.europe-west1.cloudfunctions.appspot.com/0d88ce68-9632-4523-b29e-dfd9ff18d6d8.zip?GoogleAccessId=service-45357190349@gcf-admin-robot.iam.gserviceaccount.com&Expires=1787656540&Signature=x2YgtE6ghKmlS6LHA5gA%2BXAUVjZCKM8RQrorxa5ZMJzGevk%2BePGWQr4%2FWoS25HQ3qo3xafnqFa8boOr%2BhjNgwCvWYVHgvGB6ug%2BFAqyzS4YiOaHCSs0z16Axf%2B8VAGsmIuzTi4Zk%2FhmLj1WdGx%2B%2BeIA6So3N%2BwX75vK735cAryWkmu28ygt%2BTEDDicZMqoiP5fRAkO6BzUTcigrZyaEW4tY8IZ6YfGWlkyuGLIGoqQLd9YrPTDFSd2aVRqU2KXTVfOfA6nuHDMHjBNm3AwmTTmeMMBKVu0swBWWEqYdA3%2FXEai5cVLX4Ea8kGs9J%2FE7YI4M%2F6IebuPVZ9NzC6kNDww%3D%3D","environmentVariables":{"FIREBASE_CONFIG":"{\"projectId\":\"aura-nails-kalendar\",\"databaseURL\":\"https://aura-nails-kalendar-default-rtdb.europe-west1.firebasedatabase.app\",\"storageBucket\":\"aura-nails-kalendar.firebasestorage.app\"}","GCLOUD_PROJECT":"aura-nails-kalendar","EVENTARC_CLOUD_EVENT_SOURCE":"projects/aura-nails-kalendar/locations/europe-west1/functions/sendEmailReminder"},"runtime":"nodejs20","buildEnvironmentVariables":{"GOOGLE_NODE_RUN_SCRIPTS":""},"dockerRegistry":"ARTIFACT_REGISTRY"},"versionId":"1","updateTime":"2026-08-25T10:45:54.028757093Z","buildId":"d7280b8d-b595-4de8-b3a7-817ee1648d10","sourceToken":"061062ae-b618-498d-b461-dcca36715075","buildName":"projects/45357190349/locations/europe-west1/builds/d7280b8d-b595-4de8-b3a7-817ee1648d10"}}
[debug] [2026-08-25T10:47:36.351Z] Got source token 061062ae-b618-498d-b461-dcca36715075 for region europe-west1
[debug] [2026-08-25T10:47:46.358Z] [create-default-europe-west1-sendEmailReminder] Retrying task index 0
[debug] [2026-08-25T10:47:46.359Z] Checked if tokens are valid: true, expires at: 1787657557902
[debug] [2026-08-25T10:47:46.359Z] Checked if tokens are valid: true, expires at: 1787657557902
[debug] [2026-08-25T10:47:46.359Z] >>> [apiv2][query] GET https://cloudfunctions.googleapis.com/v1/operations/cHJvamVjdHMvYXVyYS1uYWlscy1rYWxlbmRhci9sb2NhdGlvbnMvZXVyb3BlLXdlc3QxL29wZXJhdGlvbnMvb3BlcmF0aW9uLTE3ODc2NTQ3NTI4ODItNjU5ZGNjZTg2Y2VhYS02ZjFmOTcyYi1lYTBlZjdmNg [none]
[debug] [2026-08-25T10:47:46.774Z] <<< [apiv2][status] GET https://cloudfunctions.googleapis.com/v1/operations/cHJvamVjdHMvYXVyYS1uYWlscy1rYWxlbmRhci9sb2NhdGlvbnMvZXVyb3BlLXdlc3QxL29wZXJhdGlvbnMvb3BlcmF0aW9uLTE3ODc2NTQ3NTI4ODItNjU5ZGNjZTg2Y2VhYS02ZjFmOTcyYi1lYTBlZjdmNg 200
[debug] [2026-08-25T10:47:46.774Z] <<< [apiv2][body] GET https://cloudfunctions.googleapis.com/v1/operations/cHJvamVjdHMvYXVyYS1uYWlscy1rYWxlbmRhci9sb2NhdGlvbnMvZXVyb3BlLXdlc3QxL29wZXJhdGlvbnMvb3BlcmF0aW9uLTE3ODc2NTQ3NTI4ODItNjU5ZGNjZTg2Y2VhYS02ZjFmOTcyYi1lYTBlZjdmNg {"name":"operations/cHJvamVjdHMvYXVyYS1uYWlscy1rYWxlbmRhci9sb2NhdGlvbnMvZXVyb3BlLXdlc3QxL29wZXJhdGlvbnMvb3BlcmF0aW9uLTE3ODc2NTQ3NTI4ODItNjU5ZGNjZTg2Y2VhYS02ZjFmOTcyYi1lYTBlZjdmNg","metadata":{"@type":"type.googleapis.com/google.cloud.functions.v1.OperationMetadataV1","target":"projects/aura-nails-kalendar/locations/europe-west1/functions/sendEmailReminder","type":"CREATE_FUNCTION","request":{"@type":"type.googleapis.com/google.cloud.functions.v1.CloudFunction","name":"projects/aura-nails-kalendar/locations/europe-west1/functions/sendEmailReminder","eventTrigger":{"eventType":"google.pubsub.topic.publish","resource":"projects/aura-nails-kalendar/topics/firebase-schedule-sendEmailReminder-europe-west1","failurePolicy":{}},"entryPoint":"sendEmailReminder","updateTime":"1970-01-01T00:00:00Z","labels":{"deployment-tool":"cli-firebase","deployment-scheduled":"true","firebase-functions-hash":"0c2d68fcd7bdfffde7c19304a670c670beb482d2"},"sourceUploadUrl":"https://storage.googleapis.com/uploads-426274606061.europe-west1.cloudfunctions.appspot.com/0d88ce68-9632-4523-b29e-dfd9ff18d6d8.zip?GoogleAccessId=service-45357190349@gcf-admin-robot.iam.gserviceaccount.com&Expires=1787656540&Signature=x2YgtE6ghKmlS6LHA5gA%2BXAUVjZCKM8RQrorxa5ZMJzGevk%2BePGWQr4%2FWoS25HQ3qo3xafnqFa8boOr%2BhjNgwCvWYVHgvGB6ug%2BFAqyzS4YiOaHCSs0z16Axf%2B8VAGsmIuzTi4Zk%2FhmLj1WdGx%2B%2BeIA6So3N%2BwX75vK735cAryWkmu28ygt%2BTEDDicZMqoiP5fRAkO6BzUTcigrZyaEW4tY8IZ6YfGWlkyuGLIGoqQLd9YrPTDFSd2aVRqU2KXTVfOfA6nuHDMHjBNm3AwmTTmeMMBKVu0swBWWEqYdA3%2FXEai5cVLX4Ea8kGs9J%2FE7YI4M%2F6IebuPVZ9NzC6kNDww%3D%3D","environmentVariables":{"FIREBASE_CONFIG":"{\"projectId\":\"aura-nails-kalendar\",\"databaseURL\":\"https://aura-nails-kalendar-default-rtdb.europe-west1.firebasedatabase.app\",\"storageBucket\":\"aura-nails-kalendar.firebasestorage.app\"}","GCLOUD_PROJECT":"aura-nails-kalendar","EVENTARC_CLOUD_EVENT_SOURCE":"projects/aura-nails-kalendar/locations/europe-west1/functions/sendEmailReminder"},"runtime":"nodejs20","buildEnvironmentVariables":{"GOOGLE_NODE_RUN_SCRIPTS":""},"dockerRegistry":"ARTIFACT_REGISTRY"},"versionId":"1","updateTime":"2026-08-25T10:47:37.373646648Z","buildId":"d7280b8d-b595-4de8-b3a7-817ee1648d10","sourceToken":"061062ae-b618-498d-b461-dcca36715075","buildName":"projects/45357190349/locations/europe-west1/builds/d7280b8d-b595-4de8-b3a7-817ee1648d10"},"done":true,"response":{"@type":"type.googleapis.com/google.cloud.functions.v1.CloudFunction","name":"projects/aura-nails-kalendar/locations/europe-west1/functions/sendEmailReminder","eventTrigger":{"eventType":"google.pubsub.topic.publish","resource":"projects/aura-nails-kalendar/topics/firebase-schedule-sendEmailReminder-europe-west1","service":"pubsub.googleapis.com","failurePolicy":{}},"status":"ACTIVE","entryPoint":"sendEmailReminder","timeout":"60s","availableMemoryMb":256,"serviceAccountEmail":"aura-nails-kalendar@appspot.gserviceaccount.com","updateTime":"2026-08-25T10:45:54.025291527Z","versionId":"1","labels":{"deployment-tool":"cli-firebase","deployment-scheduled":"true","firebase-functions-hash":"0c2d68fcd7bdfffde7c19304a670c670beb482d2"},"sourceUploadUrl":"https://storage.googleapis.com/uploads-426274606061.europe-west1.cloudfunctions.appspot.com/0d88ce68-9632-4523-b29e-dfd9ff18d6d8.zip","environmentVariables":{"FIREBASE_CONFIG":"{\"projectId\":\"aura-nails-kalendar\",\"databaseURL\":\"https://aura-nails-kalendar-default-rtdb.europe-west1.firebasedatabase.app\",\"storageBucket\":\"aura-nails-kalendar.firebasestorage.app\"}","GCLOUD_PROJECT":"aura-nails-kalendar","EVENTARC_CLOUD_EVENT_SOURCE":"projects/aura-nails-kalendar/locations/europe-west1/functions/sendEmailReminder"},"runtime":"nodejs20","maxInstances":3000,"ingressSettings":"ALLOW_ALL","buildId":"d7280b8d-b595-4de8-b3a7-817ee1648d10","buildEnvironmentVariables":{"GOOGLE_NODE_RUN_SCRIPTS":""},"buildName":"projects/45357190349/locations/europe-west1/builds/d7280b8d-b595-4de8-b3a7-817ee1648d10","dockerRegistry":"ARTIFACT_REGISTRY","automaticUpdatePolicy":{},"buildServiceAccount":"projects/aura-nails-kalendar/serviceAccounts/45357190349-compute@developer.gserviceaccount.com","satisfiesPzi":true}}
[debug] [2026-08-25T10:47:46.774Z] Got source token 061062ae-b618-498d-b461-dcca36715075 for region europe-west1
[debug] [2026-08-25T10:47:46.776Z] Checked if tokens are valid: true, expires at: 1787657557902
[debug] [2026-08-25T10:47:46.776Z] Checked if tokens are valid: true, expires at: 1787657557902
[debug] [2026-08-25T10:47:46.776Z] >>> [apiv2][query] GET https://cloudscheduler.googleapis.com/v1/projects/aura-nails-kalendar/locations/us-central1/jobs/firebase-schedule-sendEmailReminder-europe-west1 [none]
[debug] [2026-08-25T10:47:47.818Z] <<< [apiv2][status] GET https://cloudscheduler.googleapis.com/v1/projects/aura-nails-kalendar/locations/us-central1/jobs/firebase-schedule-sendEmailReminder-europe-west1 404
[debug] [2026-08-25T10:47:47.818Z] <<< [apiv2][body] GET https://cloudscheduler.googleapis.com/v1/projects/aura-nails-kalendar/locations/us-central1/jobs/firebase-schedule-sendEmailReminder-europe-west1 {"error":{"code":404,"message":"Job not found.","status":"NOT_FOUND"}}
[debug] [2026-08-25T10:47:47.819Z] Checked if tokens are valid: true, expires at: 1787657557902
[debug] [2026-08-25T10:47:47.819Z] Checked if tokens are valid: true, expires at: 1787657557902
[debug] [2026-08-25T10:47:47.819Z] >>> [apiv2][query] POST https://cloudscheduler.googleapis.com/v1/projects/aura-nails-kalendar/locations/us-central1/jobs [none]
[debug] [2026-08-25T10:47:47.819Z] >>> [apiv2][body] POST https://cloudscheduler.googleapis.com/v1/projects/aura-nails-kalendar/locations/us-central1/jobs {"timeZone":"Europe/Bratislava","name":"projects/aura-nails-kalendar/locations/us-central1/jobs/firebase-schedule-sendEmailReminder-europe-west1","pubsubTarget":{"topicName":"projects/aura-nails-kalendar/topics/firebase-schedule-sendEmailReminder-europe-west1","attributes":{"scheduled":"true"}},"schedule":"0 8 * * *"}
[debug] [2026-08-25T10:47:55.293Z] <<< [apiv2][status] POST https://cloudscheduler.googleapis.com/v1/projects/aura-nails-kalendar/locations/us-central1/jobs 200
[debug] [2026-08-25T10:47:55.293Z] <<< [apiv2][body] POST https://cloudscheduler.googleapis.com/v1/projects/aura-nails-kalendar/locations/us-central1/jobs {"name":"projects/aura-nails-kalendar/locations/us-central1/jobs/firebase-schedule-sendEmailReminder-europe-west1","pubsubTarget":{"topicName":"projects/aura-nails-kalendar/topics/firebase-schedule-sendEmailReminder-europe-west1","attributes":{"scheduled":"true"}},"userUpdateTime":"2026-08-25T10:47:54.352213Z","state":"ENABLED","status":{"code":-1},"scheduleTime":"2026-08-26T06:00:00Z","schedule":"0 8 * * *","timeZone":"Europe/Bratislava"}
[debug] [2026-08-25T10:47:55.293Z] created scheduler job firebase-schedule-sendEmailReminder-europe-west1
[info] +  functions[sendEmailReminder(europe-west1)] Successful create operation. 
[debug] [2026-08-25T10:47:55.302Z] Total Function Deployment time: 122153
[debug] [2026-08-25T10:47:55.302Z] 2 Functions Deployed
[debug] [2026-08-25T10:47:55.302Z] 0 Functions Errored
[debug] [2026-08-25T10:47:55.302Z] 0 Function Deployments Aborted
[debug] [2026-08-25T10:47:55.302Z] Average Function Deployment time: 112146
[info] Function URL (sendEmailReminderManual(europe-west1)): https://europe-west1-aura-nails-kalendar.cloudfunctions.net/sendEmailReminderManual
[debug] [2026-08-25T10:47:55.632Z] Checked if tokens are valid: true, expires at: 1787657557902
[debug] [2026-08-25T10:47:55.632Z] Checked if tokens are valid: true, expires at: 1787657557902
[debug] [2026-08-25T10:47:55.633Z] >>> [apiv2][query] GET https://artifactregistry.googleapis.com/v1/projects/aura-nails-kalendar/locations/europe-west1/repositories/gcf-artifacts [none]
[debug] [2026-08-25T10:47:56.322Z] <<< [apiv2][status] GET https://artifactregistry.googleapis.com/v1/projects/aura-nails-kalendar/locations/europe-west1/repositories/gcf-artifacts 200
[debug] [2026-08-25T10:47:56.322Z] <<< [apiv2][body] GET https://artifactregistry.googleapis.com/v1/projects/aura-nails-kalendar/locations/europe-west1/repositories/gcf-artifacts {"name":"projects/aura-nails-kalendar/locations/europe-west1/repositories/gcf-artifacts","format":"DOCKER","description":"This repository is created and used by Cloud Functions for storing function docker images.","labels":{"goog-managed-by":"cloudfunctions"},"createTime":"2026-08-25T10:46:09.967678Z","updateTime":"2026-08-25T10:46:50.422653Z","mode":"STANDARD_REPOSITORY","sizeBytes":"534083077","vulnerabilityScanningConfig":{"lastEnableTime":"2026-08-25T10:45:59.061064242Z","enablementState":"SCANNING_DISABLED","enablementStateReason":"API containerscanning.googleapis.com is not enabled."},"satisfiesPzi":true,"registryUri":"europe-west1-docker.pkg.dev/aura-nails-kalendar/gcf-artifacts"}
[warn] !  functions: No cleanup policy detected for repositories in europe-west1. This may result in a small monthly bill as container images accumulate over time. 
